Timestamp,Parameter,Value,Deviation (Ïƒ)
2014/12/20 05:44:01,840: Raichur-SLPR1(MVAR):Analog,-20714520.0,2.08
2014/12/20 05:44:01,SLPR-RACHR1 (MVAR):Analog,-232224928.0,-2.18
2014/12/20 05:44:01,SLPR7:Voltage C:Magnitude,431545.38,-2.14
2014/12/20 05:44:01,880: Raichur-SLPR1(MVAR):Analog,-20953626.0,2.06
2014/12/20 05:44:01,SLPR-RACHR1 (MVAR):Analog,-232206496.0,-2.17
2014/12/20 05:44:01,SLPR7:Voltage A:Magnitude,432313.56,-2.0
2014/12/20 05:44:01,SLPR7:Voltage B:Magnitude,433278.5,-2.0
2014/12/20 05:44:01,SLPR7:Voltage C:Magnitude,431530.25,-2.16
2014/12/20 05:44:01,920: Raichur-SLPR1(MVAR):Analog,-21101190.0,2.05
2014/12/20 05:44:01,SLPR-RACHR1 (MVAR):Analog,-232176768.0,-2.17
2014/12/20 05:44:01,SLPR7:Voltage A:Magnitude,432305.5,-2.02
2014/12/20 05:44:01,SLPR7:Voltage B:Magnitude,433268.56,-2.02
2014/12/20 05:44:01,SLPR7:Voltage C:Magnitude,431524.38,-2.17
2014/12/20 05:44:01,960: Raichur-SLPR1(MVAR):Analog,-21154062.0,2.05
2014/12/20 05:44:01,SLPR-RACHR1 (MVAR):Analog,-232050064.0,-2.16
2014/12/20 05:44:01,SLPR7:Voltage A:Magnitude,432295.22,-2.03
2014/12/20 05:44:01,SLPR7:Voltage B:Magnitude,433255.72,-2.03
2014/12/20 05:44:01,SLPR7:Voltage C:Magnitude,431518.16,-2.17
2014/12/20 05:44:02,000: Raichur-SLPR1(MVAR):Analog,-20792142.0,2.07
2014/12/20 05:44:02,SLPR-RACHR1 (MVAR):Analog,-231947312.0,-2.15
2014/12/20 05:44:02,SLPR7:Voltage A:Magnitude,432286.28,-2.04
2014/12/20 05:44:02,SLPR7:Voltage B:Magnitude,433239.94,-2.05
2014/12/20 05:44:02,SLPR7:Voltage C:Magnitude,431506.09,-2.19
2014/12/20 05:44:02,040: Raichur-SLPR1(MVAR):Analog,-20149458.0,2.12
2014/12/20 05:44:02,SLPR-RACHR1 (MVAR):Analog,-231933888.0,-2.15
2014/12/20 05:44:02,SLPR7:Voltage A:Magnitude,432283.66,-2.05
2014/12/20 05:44:02,SLPR7:Voltage B:Magnitude,433233.66,-2.06
2014/12/20 05:44:02,SLPR7:Voltage C:Magnitude,431503.84,-2.19
2014/12/20 05:44:02,080: Raichur-SLPR1(MVAR):Analog,-19607496.0,2.16
2014/12/20 05:44:02,SLPR-RACHR1 (MVAR):Analog,-231943968.0,-2.15
2014/12/20 05:44:02,SLPR7:Voltage A:Magnitude,432290.56,-2.04
2014/12/20 05:44:02,SLPR7:Voltage B:Magnitude,433244.78,-2.05
2014/12/20 05:44:02,SLPR7:Voltage C:Magnitude,431509.34,-2.18
2014/12/20 05:44:02,120: Raichur-SLPR1(MVAR):Analog,-19485522.0,2.16
2014/12/20 05:44:02,SLPR-RACHR1 (MVAR):Analog,-231965488.0,-2.16
2014/12/20 05:44:02,SLPR7:Voltage A:Magnitude,432289.53,-2.04
2014/12/20 05:44:02,SLPR7:Voltage B:Magnitude,433249.44,-2.04
2014/12/20 05:44:02,SLPR7:Voltage C:Magnitude,431509.88,-2.18
2014/12/20 05:44:02,160: Raichur-SLPR1(MVAR):Analog,-19641036.0,2.15
2014/12/20 05:44:02,SLPR-RACHR1 (MVAR):Analog,-231986624.0,-2.16
2014/12/20 05:44:02,SLPR7:Voltage A:Magnitude,432283.0,-2.05
2014/12/20 05:44:02,SLPR7:Voltage B:Magnitude,433231.69,-2.06
2014/12/20 05:44:02,SLPR7:Voltage C:Magnitude,431504.56,-2.19
2014/12/20 05:44:02,200: Raichur-SLPR1(MVAR):Analog,-19986486.0,2.13
2014/12/20 05:44:02,SLPR-RACHR1 (MVAR):Analog,-232014128.0,-2.16
2014/12/20 05:44:02,SLPR7:Voltage A:Magnitude,432277.59,-2.06
2014/12/20 05:44:02,SLPR7:Voltage B:Magnitude,433220.0,-2.08
2014/12/20 05:44:02,SLPR7:Voltage C:Magnitude,431495.34,-2.2
2014/12/20 05:44:02,240: Raichur-SLPR1(MVAR):Analog,-20535882.0,2.09
2014/12/20 05:44:02,SLPR-RACHR1 (MVAR):Analog,-232019008.0,-2.16
2014/12/20 05:44:02,SLPR7:Voltage A:Magnitude,432265.53,-2.07
2014/12/20 05:44:02,SLPR7:Voltage B:Magnitude,433214.66,-2.08
2014/12/20 05:44:02,SLPR7:Voltage C:Magnitude,431483.28,-2.21
2014/12/20 05:44:02,280: Raichur-SLPR1(MVAR):Analog,-20989854.0,2.06
2014/12/20 05:44:02,SLPR-RACHR1 (MVAR):Analog,-231949712.0,-2.15
2014/12/20 05:44:02,SLPR7:Voltage A:Magnitude,432258.53,-2.08
2014/12/20 05:44:02,SLPR7:Voltage B:Magnitude,433212.06,-2.09
2014/12/20 05:44:02,SLPR7:Voltage C:Magnitude,431472.28,-2.23
2014/12/20 05:44:02,320: Raichur-SLPR1(MVAR):Analog,-20989680.0,2.06
2014/12/20 05:44:02,SLPR-RACHR1 (MVAR):Analog,-231896080.0,-2.15
2014/12/20 05:44:02,SLPR7:Voltage A:Magnitude,432263.75,-2.08
2014/12/20 05:44:02,SLPR7:Voltage B:Magnitude,433224.34,-2.07
2014/12/20 05:44:02,SLPR7:Voltage C:Magnitude,431473.28,-2.22
2014/12/20 05:44:02,360: Raichur-SLPR1(MVAR):Analog,-20690382.0,2.08
2014/12/20 05:44:02,SLPR-RACHR1 (MVAR):Analog,-231939072.0,-2.15
2014/12/20 05:44:02,SLPR7:Voltage A:Magnitude,432273.53,-2.06
2014/12/20 05:44:02,SLPR7:Voltage B:Magnitude,433231.59,-2.06
2014/12/20 05:44:02,SLPR7:Voltage C:Magnitude,431484.59,-2.21
2014/12/20 05:44:02,400: Raichur-SLPR1(MVAR):Analog,-20200908.0,2.11
2014/12/20 05:44:02,SLPR-RACHR1 (MVAR):Analog,-231977456.0,-2.16
2014/12/20 05:44:02,SLPR7:Voltage A:Magnitude,432278.28,-2.05
2014/12/20 05:44:02,SLPR7:Voltage B:Magnitude,433227.06,-2.07
2014/12/20 05:44:02,SLPR7:Voltage C:Magnitude,431492.0,-2.2
2014/12/20 05:44:02,440: Raichur-SLPR1(MVAR):Analog,-20107686.0,2.12
2014/12/20 05:44:02,SLPR-RACHR1 (MVAR):Analog,-232019584.0,-2.16
2014/12/20 05:44:02,SLPR7:Voltage A:Magnitude,432282.53,-2.05
2014/12/20 05:44:02,SLPR7:Voltage B:Magnitude,433222.31,-2.07
2014/12/20 05:44:02,SLPR7:Voltage C:Magnitude,431496.47,-2.2
2014/12/20 05:44:02,480: Raichur-SLPR1(MVAR):Analog,-20037252.0,2.12
2014/12/20 05:44:02,SLPR-RACHR1 (MVAR):Analog,-232138112.0,-2.17
2014/12/20 05:44:02,SLPR7:Voltage A:Magnitude,432283.44,-2.05
2014/12/20 05:44:02,SLPR7:Voltage B:Magnitude,433214.78,-2.08
2014/12/20 05:44:02,SLPR7:Voltage C:Magnitude,431492.31,-2.2
2014/12/20 05:44:02,520: Raichur-SLPR1(MVAR):Analog,-19964874.0,2.13
2014/12/20 05:44:02,SLPR-RACHR1 (MVAR):Analog,-232265008.0,-2.18
2014/12/20 05:44:02,SLPR7:Voltage A:Magnitude,432282.0,-2.05
2014/12/20 05:44:02,SLPR7:Voltage B:Magnitude,433220.5,-2.08
2014/12/20 05:44:02,SLPR7:Voltage C:Magnitude,431488.59,-2.21
2014/12/20 05:44:02,560: Raichur-SLPR1(MVAR):Analog,-19740390.0,2.15
2014/12/20 05:44:02,SLPR-RACHR1 (MVAR):Analog,-232396624.0,-2.19
2014/12/20 05:44:02,SLPR7:Voltage A:Magnitude,432280.28,-2.05
2014/12/20 05:44:02,SLPR7:Voltage B:Magnitude,433227.97,-2.07
2014/12/20 05:44:02,SLPR7:Voltage C:Magnitude,431483.44,-2.21
2014/12/20 05:44:02,600: Raichur-SLPR1(MVAR):Analog,-19246890.0,2.18
2014/12/20 05:44:02,SLPR-RACHR1 (MVAR):Analog,-232561920.0,-2.2
2014/12/20 05:44:02,SLPR7:Voltage A:Magnitude,432275.47,-2.06
2014/12/20 05:44:02,SLPR7:Voltage B:Magnitude,433221.25,-2.08
2014/12/20 05:44:02,SLPR7:Voltage C:Magnitude,431474.25,-2.22
2014/12/20 05:44:02,640: Raichur-SLPR1(MVAR):Analog,-18825792.0,2.21
2014/12/20 05:44:02,SLPR-RACHR1 (MVAR):Analog,-232633904.0,-2.21
2014/12/20 05:44:02,SLPR7:Voltage A:Magnitude,432284.38,-2.05
2014/12/20 05:44:02,SLPR7:Voltage B:Magnitude,433226.31,-2.07
2014/12/20 05:44:02,SLPR7:Voltage C:Magnitude,431483.0,-2.21
2014/12/20 05:44:02,680: Raichur-SLPR1(MVAR):Analog,-18794406.0,2.21
2014/12/20 05:44:02,SLPR-RACHR1 (MVAR):Analog,-232617392.0,-2.21
2014/12/20 05:44:02,SLPR7:Voltage A:Magnitude,432289.53,-2.04
2014/12/20 05:44:02,SLPR7:Voltage B:Magnitude,433237.09,-2.06
2014/12/20 05:44:02,SLPR7:Voltage C:Magnitude,431494.03,-2.2
2014/12/20 05:44:02,720: Raichur-SLPR1(MVAR):Analog,-19118628.0,2.19
2014/12/20 05:44:02,SLPR-RACHR1 (MVAR):Analog,-232546128.0,-2.2
2014/12/20 05:44:02,SLPR7:Voltage A:Magnitude,432285.66,-2.04
2014/12/20 05:44:02,SLPR7:Voltage B:Magnitude,433240.97,-2.05
2014/12/20 05:44:02,SLPR7:Voltage C:Magnitude,431496.12,-2.2
2014/12/20 05:44:02,760: Raichur-SLPR1(MVAR):Analog,-19596174.0,2.16
2014/12/20 05:44:02,SLPR-RACHR1 (MVAR):Analog,-232449792.0,-2.19
2014/12/20 05:44:02,SLPR7:Voltage A:Magnitude,432290.84,-2.04
2014/12/20 05:44:02,SLPR7:Voltage B:Magnitude,433241.34,-2.05
2014/12/20 05:44:02,SLPR7:Voltage C:Magnitude,431491.47,-2.2
2014/12/20 05:44:02,800: Raichur-SLPR1(MVAR):Analog,-19899354.0,2.13
2014/12/20 05:44:02,SLPR-RACHR1 (MVAR):Analog,-232470160.0,-2.2
2014/12/20 05:44:02,SLPR7:Voltage A:Magnitude,432289.59,-2.04
2014/12/20 05:44:02,SLPR7:Voltage B:Magnitude,433238.53,-2.05
2014/12/20 05:44:02,SLPR7:Voltage C:Magnitude,431482.56,-2.21
2014/12/20 05:44:02,840: Raichur-SLPR1(MVAR):Analog,-20096766.0,2.12
2014/12/20 05:44:02,SLPR-RACHR1 (MVAR):Analog,-232564240.0,-2.2
2014/12/20 05:44:02,SLPR7:Voltage A:Magnitude,432278.12,-2.05
2014/12/20 05:44:02,SLPR7:Voltage B:Magnitude,433238.28,-2.05
2014/12/20 05:44:02,SLPR7:Voltage C:Magnitude,431477.47,-2.22
2014/12/20 05:44:02,880: Raichur-SLPR1(MVAR):Analog,-19907910.0,2.13
2014/12/20 05:44:02,SLPR-RACHR1 (MVAR):Analog,-232633216.0,-2.21
2014/12/20 05:44:02,SLPR7:Voltage A:Magnitude,432270.19,-2.07
2014/12/20 05:44:02,SLPR7:Voltage B:Magnitude,433241.62,-2.05
2014/12/20 05:44:02,SLPR7:Voltage C:Magnitude,431469.72,-2.23
2014/12/20 05:44:02,920: Raichur-SLPR1(MVAR):Analog,-19727022.0,2.15
2014/12/20 05:44:02,SLPR-RACHR1 (MVAR):Analog,-232694048.0,-2.21
2014/12/20 05:44:02,SLPR7:Voltage A:Magnitude,432269.38,-2.07
2014/12/20 05:44:02,SLPR7:Voltage B:Magnitude,433235.5,-2.06
2014/12/20 05:44:02,SLPR7:Voltage C:Magnitude,431465.78,-2.23
2014/12/20 05:44:02,960: Raichur-SLPR1(MVAR):Analog,-19692114.0,2.15
2014/12/20 05:44:02,SLPR-RACHR1 (MVAR):Analog,-232807280.0,-2.22
2014/12/20 05:44:02,SLPR7:Voltage A:Magnitude,432268.38,-2.07
2014/12/20 05:44:02,SLPR7:Voltage B:Magnitude,433223.22,-2.07
2014/12/20 05:44:02,SLPR7:Voltage C:Magnitude,431463.06,-2.24
2014/12/20 05:44:03,000: Raichur-SLPR1(MVAR):Analog,-20087160.0,2.12
2014/12/20 05:44:03,SLPR-RACHR1 (MVAR):Analog,-232890512.0,-2.23
2014/12/20 05:44:03,SLPR7:Voltage A:Magnitude,432261.06,-2.08
2014/12/20 05:44:03,SLPR7:Voltage B:Magnitude,433213.06,-2.09
2014/12/20 05:44:03,SLPR7:Voltage C:Magnitude,431459.38,-2.24
2014/12/20 05:44:03,040: Raichur-SLPR1(MVAR):Analog,-20371596.0,2.1
2014/12/20 05:44:03,SLPR-RACHR1 (MVAR):Analog,-232918032.0,-2.23
2014/12/20 05:44:03,SLPR7:Voltage A:Magnitude,432256.16,-2.09
2014/12/20 05:44:03,SLPR7:Voltage B:Magnitude,433208.19,-2.09
2014/12/20 05:44:03,SLPR7:Voltage C:Magnitude,431461.88,-2.24
2014/12/20 05:44:03,080: Raichur-SLPR1(MVAR):Analog,-20431116.0,2.1
2014/12/20 05:44:03,SLPR-RACHR1 (MVAR):Analog,-232903664.0,-2.23
2014/12/20 05:44:03,SLPR7:Voltage A:Magnitude,432262.84,-2.08
2014/12/20 05:44:03,SLPR7:Voltage B:Magnitude,433220.66,-2.08
2014/12/20 05:44:03,SLPR7:Voltage C:Magnitude,431471.47,-2.23
2014/12/20 05:44:03,120: Raichur-SLPR1(MVAR):Analog,-20001108.0,2.13
2014/12/20 05:44:03,SLPR-RACHR1 (MVAR):Analog,-232868032.0,-2.23
2014/12/20 05:44:03,SLPR7:Voltage A:Magnitude,432268.78,-2.07
2014/12/20 05:44:03,SLPR7:Voltage B:Magnitude,433231.5,-2.06
2014/12/20 05:44:03,SLPR7:Voltage C:Magnitude,431481.25,-2.22
2014/12/20 05:44:03,160: Raichur-SLPR1(MVAR):Analog,-19750422.0,2.14
2014/12/20 05:44:03,SLPR-RACHR1 (MVAR):Analog,-232820352.0,-2.22
2014/12/20 05:44:03,SLPR7:Voltage A:Magnitude,432257.81,-2.08
2014/12/20 05:44:03,SLPR7:Voltage B:Magnitude,433212.47,-2.09
2014/12/20 05:44:03,SLPR7:Voltage C:Magnitude,431464.88,-2.23
2014/12/20 05:44:03,200: Raichur-SLPR1(MVAR):Analog,-19635678.0,2.15
2014/12/20 05:44:03,SLPR-RACHR1 (MVAR):Analog,-232713200.0,-2.22
2014/12/20 05:44:03,SLPR7:Voltage A:Magnitude,432242.69,-2.11
2014/12/20 05:44:03,SLPR7:Voltage B:Magnitude,433195.25,-2.11
2014/12/20 05:44:03,SLPR7:Voltage C:Magnitude,431443.91,-2.26
2014/12/20 05:44:03,240: Raichur-SLPR1(MVAR):Analog,-19940382.0,2.13
2014/12/20 05:44:03,SLPR-RACHR1 (MVAR):Analog,-232547856.0,-2.2
2014/12/20 05:44:03,SLPR7:Voltage A:Magnitude,432249.53,-2.1
2014/12/20 05:44:03,SLPR7:Voltage B:Magnitude,433205.91,-2.09
2014/12/20 05:44:03,SLPR7:Voltage C:Magnitude,431459.0,-2.24
2014/12/20 05:44:03,280: Raichur-SLPR1(MVAR):Analog,-20395386.0,2.1
2014/12/20 05:44:03,SLPR-RACHR1 (MVAR):Analog,-232448912.0,-2.19
2014/12/20 05:44:03,SLPR7:Voltage A:Magnitude,432267.06,-2.07
2014/12/20 05:44:03,SLPR7:Voltage B:Magnitude,433228.69,-2.07
2014/12/20 05:44:03,SLPR7:Voltage C:Magnitude,431483.72,-2.21
2014/12/20 05:44:03,320: Raichur-SLPR1(MVAR):Analog,-20828106.0,2.07
2014/12/20 05:44:03,SLPR-RACHR1 (MVAR):Analog,-232362368.0,-2.19
2014/12/20 05:44:03,SLPR7:Voltage A:Magnitude,432255.59,-2.09
2014/12/20 05:44:03,SLPR7:Voltage B:Magnitude,433229.12,-2.07
2014/12/20 05:44:03,SLPR7:Voltage C:Magnitude,431484.47,-2.21
2014/12/20 05:44:03,360: Raichur-SLPR1(MVAR):Analog,-20814924.0,2.07
2014/12/20 05:44:03,SLPR-RACHR1 (MVAR):Analog,-232272304.0,-2.18
2014/12/20 05:44:03,SLPR7:Voltage A:Magnitude,432247.84,-2.1
2014/12/20 05:44:03,SLPR7:Voltage B:Magnitude,433219.06,-2.08
2014/12/20 05:44:03,SLPR7:Voltage C:Magnitude,431486.22,-2.21
2014/12/20 05:44:03,400: Raichur-SLPR1(MVAR):Analog,-20676486.0,2.08
2014/12/20 05:44:03,SLPR-RACHR1 (MVAR):Analog,-232209184.0,-2.18
2014/12/20 05:44:03,SLPR7:Voltage A:Magnitude,432278.75,-2.05
2014/12/20 05:44:03,SLPR7:Voltage B:Magnitude,433237.69,-2.05
2014/12/20 05:44:03,SLPR7:Voltage C:Magnitude,431514.59,-2.18
2014/12/20 05:44:03,440: Raichur-SLPR1(MVAR):Analog,-20487534.0,2.09
2014/12/20 05:44:03,SLPR-RACHR1 (MVAR):Analog,-232089392.0,-2.17
2014/12/20 05:44:03,SLPR7:Voltage A:Magnitude,432314.25,-2.0
2014/12/20 05:44:03,SLPR7:Voltage B:Magnitude,433264.66,-2.02
2014/12/20 05:44:03,SLPR7:Voltage C:Magnitude,431546.38,-2.14
2014/12/20 05:44:03,480: Raichur-SLPR1(MVAR):Analog,-20706924.0,2.08
2014/12/20 05:44:03,SLPR-RACHR1 (MVAR):Analog,-232055136.0,-2.16
2014/12/20 05:44:03,SLPR7:Voltage C:Magnitude,431565.31,-2.12
2014/12/20 05:44:03,520: Raichur-SLPR1(MVAR):Analog,-21099888.0,2.05
2014/12/20 05:44:03,SLPR-RACHR1 (MVAR):Analog,-232058144.0,-2.16
2014/12/20 05:44:03,SLPR7:Voltage C:Magnitude,431586.16,-2.1
2014/12/20 05:44:04,840: Raichur-SLPR1(MVAR):Analog,-20477598.0,2.09
2014/12/20 05:44:04,SLPR-RACHR1 (MVAR):Analog,-232199824.0,-2.17
2014/12/20 05:44:04,SLPR7:Voltage A:Magnitude,432314.62,-2.0
2014/12/20 05:44:04,SLPR7:Voltage C:Magnitude,431559.28,-2.13
2014/12/20 05:44:04,880: Raichur-SLPR1(MVAR):Analog,-20479806.0,2.09
2014/12/20 05:44:04,SLPR-RACHR1 (MVAR):Analog,-232182960.0,-2.17
2014/12/20 05:44:04,SLPR7:Voltage A:Magnitude,432294.78,-2.03
2014/12/20 05:44:04,SLPR7:Voltage B:Magnitude,433271.59,-2.01
2014/12/20 05:44:04,SLPR7:Voltage C:Magnitude,431534.41,-2.16
2014/12/20 05:44:04,920: Raichur-SLPR1(MVAR):Analog,-20182410.0,2.11
2014/12/20 05:44:04,SLPR-RACHR1 (MVAR):Analog,-232196352.0,-2.17
2014/12/20 05:44:04,SLPR7:Voltage A:Magnitude,432288.5,-2.04
2014/12/20 05:44:04,SLPR7:Voltage B:Magnitude,433266.25,-2.02
2014/12/20 05:44:04,SLPR7:Voltage C:Magnitude,431537.38,-2.15
2014/12/20 05:44:04,960: Raichur-SLPR1(MVAR):Analog,-19458054.0,2.17
2014/12/20 05:44:04,SLPR-RACHR1 (MVAR):Analog,-232234368.0,-2.18
2014/12/20 05:44:04,SLPR7:Voltage A:Magnitude,432272.72,-2.06
2014/12/20 05:44:04,SLPR7:Voltage B:Magnitude,433249.56,-2.04
2014/12/20 05:44:04,SLPR7:Voltage C:Magnitude,431521.78,-2.17
2014/12/20 05:44:05,000: Raichur-SLPR1(MVAR):Analog,-19011768.0,2.2
2014/12/20 05:44:05,SLPR-RACHR1 (MVAR):Analog,-232353840.0,-2.19
2014/12/20 05:44:05,SLPR7:Voltage A:Magnitude,432248.41,-2.1
2014/12/20 05:44:05,SLPR7:Voltage B:Magnitude,433229.94,-2.06
2014/12/20 05:44:05,SLPR7:Voltage C:Magnitude,431481.16,-2.22
2014/12/20 05:44:05,040: Raichur-SLPR1(MVAR):Analog,-19120116.0,2.19
2014/12/20 05:44:05,SLPR-RACHR1 (MVAR):Analog,-232458736.0,-2.2
2014/12/20 05:44:05,SLPR7:Voltage A:Magnitude,432241.0,-2.11
2014/12/20 05:44:05,SLPR7:Voltage B:Magnitude,433221.22,-2.08
2014/12/20 05:44:05,SLPR7:Voltage C:Magnitude,431471.56,-2.23
2014/12/20 05:44:05,080: Raichur-SLPR1(MVAR):Analog,-19590832.0,2.16
2014/12/20 05:44:05,SLPR-RACHR1 (MVAR):Analog,-232504336.0,-2.2
2014/12/20 05:44:05,SLPR7:Voltage A:Magnitude,432238.5,-2.11
2014/12/20 05:44:05,SLPR7:Voltage B:Magnitude,433218.97,-2.08
2014/12/20 05:44:05,SLPR7:Voltage C:Magnitude,431480.09,-2.22
2014/12/20 05:44:05,120: Raichur-SLPR1(MVAR):Analog,-20070392.0,2.12
2014/12/20 05:44:05,SLPR-RACHR1 (MVAR):Analog,-232562080.0,-2.2
2014/12/20 05:44:05,SLPR7:Voltage A:Magnitude,432234.88,-2.12
2014/12/20 05:44:05,SLPR7:Voltage B:Magnitude,433211.44,-2.09
2014/12/20 05:44:05,SLPR7:Voltage C:Magnitude,431477.88,-2.22
2014/12/20 05:44:05,160: Raichur-SLPR1(MVAR):Analog,-20120118.0,2.12
2014/12/20 05:44:05,SLPR-RACHR1 (MVAR):Analog,-232645568.0,-2.21
2014/12/20 05:44:05,SLPR7:Voltage A:Magnitude,432228.53,-2.13
2014/12/20 05:44:05,SLPR7:Voltage B:Magnitude,433194.19,-2.11
2014/12/20 05:44:05,SLPR7:Voltage C:Magnitude,431459.97,-2.24
2014/12/20 05:44:05,200: Raichur-SLPR1(MVAR):Analog,-20115880.0,2.12
2014/12/20 05:44:05,SLPR-RACHR1 (MVAR):Analog,-232765344.0,-2.22
2014/12/20 05:44:05,SLPR7:Voltage A:Magnitude,432213.22,-2.15
2014/12/20 05:44:05,SLPR7:Voltage B:Magnitude,433188.31,-2.12
2014/12/20 05:44:05,SLPR7:Voltage C:Magnitude,431450.41,-2.25
2014/12/20 05:44:05,240: Raichur-SLPR1(MVAR):Analog,-19722056.0,2.15
2014/12/20 05:44:05,SLPR-RACHR1 (MVAR):Analog,-232833776.0,-2.23
2014/12/20 05:44:05,SLPR7:Voltage A:Magnitude,432193.94,-2.18
2014/12/20 05:44:05,SLPR7:Voltage B:Magnitude,433182.56,-2.12
2014/12/20 05:44:05,SLPR7:Voltage C:Magnitude,431444.06,-2.26
2014/12/20 05:44:05,280: Raichur-SLPR1(MVAR):Analog,-19423880.0,2.17
2014/12/20 05:44:05,SLPR-RACHR1 (MVAR):Analog,-232863952.0,-2.23
2014/12/20 05:44:05,SLPR7:Voltage A:Magnitude,432177.12,-2.2
2014/12/20 05:44:05,SLPR7:Voltage B:Magnitude,433156.16,-2.16
2014/12/20 05:44:05,SLPR7:Voltage C:Magnitude,431418.62,-2.29
2014/12/20 05:44:05,320: Raichur-SLPR1(MVAR):Analog,-18819726.0,2.21
2014/12/20 05:44:05,SLPR-RACHR1 (MVAR):Analog,-232869328.0,-2.23
2014/12/20 05:44:05,RACHR-SLPR1-7 Vc:Voltage C:Magnitude,442054.75,-2.01
2014/12/20 05:44:05,SLPR7:Voltage A:Magnitude,432169.5,-2.21
2014/12/20 05:44:05,SLPR7:Voltage B:Magnitude,433132.72,-2.19
2014/12/20 05:44:05,SLPR7:Voltage C:Magnitude,431397.88,-2.31
2014/12/20 05:44:05,360: Raichur-SLPR1(MVAR):Analog,-18596908.0,2.23
2014/12/20 05:44:05,SLPR-RACHR1 (MVAR):Analog,-232929120.0,-2.23
2014/12/20 05:44:05,RACHR-SLPR1-7 Vc:Voltage C:Magnitude,442035.0,-2.05
2014/12/20 05:44:05,SLPR7:Voltage A:Magnitude,432157.84,-2.23
2014/12/20 05:44:05,SLPR7:Voltage B:Magnitude,433118.06,-2.2
2014/12/20 05:44:05,SLPR7:Voltage C:Magnitude,431380.0,-2.33
2014/12/20 05:44:05,400: Raichur-SLPR1(MVAR):Analog,-18687912.0,2.22
2014/12/20 05:44:05,SLPR-RACHR1 (MVAR):Analog,-233042720.0,-2.24
2014/12/20 05:44:05,RACHR-SLPR1-7 Vc:Voltage C:Magnitude,442021.09,-2.08
2014/12/20 05:44:05,SLPR7:Voltage A:Magnitude,432141.97,-2.25
2014/12/20 05:44:05,SLPR7:Voltage B:Magnitude,433098.62,-2.23
2014/12/20 05:44:05,SLPR7:Voltage C:Magnitude,431359.59,-2.35
2014/12/20 05:44:05,440: Raichur-SLPR1(MVAR):Analog,-19105376.0,2.19
2014/12/20 05:44:05,SLPR-RACHR1 (MVAR):Analog,-233090496.0,-2.25
2014/12/20 05:44:05,RACHR-SLPR1-7 Vc:Voltage C:Magnitude,442012.19,-2.1
2014/12/20 05:44:05,SLPR7:Voltage A:Magnitude,432131.62,-2.27
2014/12/20 05:44:05,SLPR7:Voltage B:Magnitude,433075.06,-2.26
2014/12/20 05:44:05,SLPR7:Voltage C:Magnitude,431345.72,-2.37
2014/12/20 05:44:05,480: Raichur-SLPR1(MVAR):Analog,-19187046.0,2.18
2014/12/20 05:44:05,SLPR-RACHR1 (MVAR):Analog,-233131760.0,-2.25
2014/12/20 05:44:05,RACHR-SLPR1-7 Vc:Voltage C:Magnitude,442006.72,-2.12
2014/12/20 05:44:05,SLPR7:Voltage A:Magnitude,432120.78,-2.28
2014/12/20 05:44:05,SLPR7:Voltage B:Magnitude,433066.88,-2.27
2014/12/20 05:44:05,SLPR7:Voltage C:Magnitude,431341.78,-2.37
2014/12/20 05:44:05,520: Raichur-SLPR1(MVAR):Analog,-18784920.0,2.21
2014/12/20 05:44:05,SLPR-RACHR1 (MVAR):Analog,-233218528.0,-2.26
2014/12/20 05:44:05,RACHR-SLPR1-7 Vc:Voltage C:Magnitude,442000.78,-2.13
2014/12/20 05:44:05,SLPR7:Voltage A:Magnitude,432107.38,-2.3
2014/12/20 05:44:05,SLPR7:Voltage B:Magnitude,433061.06,-2.27
2014/12/20 05:44:05,SLPR7:Voltage C:Magnitude,431337.75,-2.38
2014/12/20 05:44:05,560: Raichur-SLPR1(MVAR):Analog,-18025672.0,2.27
2014/12/20 05:44:05,SLPR-RACHR1 (MVAR):Analog,-233291984.0,-2.26
2014/12/20 05:44:05,RACHR-SLPR1-7 Vc:Voltage C:Magnitude,441993.56,-2.15
2014/12/20 05:44:05,SLPR7:Voltage A:Magnitude,432102.81,-2.31
2014/12/20 05:44:05,SLPR7:Voltage B:Magnitude,433051.12,-2.29
2014/12/20 05:44:05,SLPR7:Voltage C:Magnitude,431319.94,-2.4
2014/12/20 05:44:05,600: Raichur-SLPR1(MVAR):Analog,-17531724.0,2.3
2014/12/20 05:44:05,SLPR-RACHR1 (MVAR):Analog,-233344176.0,-2.27
2014/12/20 05:44:05,RACHR-SLPR1-7 Vc:Voltage C:Magnitude,441986.22,-2.16
2014/12/20 05:44:05,SLPR7:Voltage A:Magnitude,432107.28,-2.3
2014/12/20 05:44:05,SLPR7:Voltage B:Magnitude,433061.97,-2.27
2014/12/20 05:44:05,SLPR7:Voltage C:Magnitude,431314.31,-2.41
2014/12/20 05:44:05,640: Raichur-SLPR1(MVAR):Analog,-17403048.0,2.31
2014/12/20 05:44:05,SLPR-RACHR1 (MVAR):Analog,-233432544.0,-2.27
2014/12/20 05:44:05,RACHR-SLPR1-7 Vc:Voltage C:Magnitude,441979.03,-2.18
2014/12/20 05:44:05,SLPR7:Voltage A:Magnitude,432102.75,-2.31
2014/12/20 05:44:05,SLPR7:Voltage B:Magnitude,433071.19,-2.26
2014/12/20 05:44:05,SLPR7:Voltage C:Magnitude,431323.81,-2.39
2014/12/20 05:44:05,680: Raichur-SLPR1(MVAR):Analog,-17695844.0,2.29
2014/12/20 05:44:05,SLPR-RACHR1 (MVAR):Analog,-233587408.0,-2.29
2014/12/20 05:44:05,RACHR-SLPR1-7 Vc:Voltage C:Magnitude,441973.91,-2.19
2014/12/20 05:44:05,SLPR7:Voltage A:Magnitude,432080.59,-2.34
2014/12/20 05:44:05,SLPR7:Voltage B:Magnitude,433051.66,-2.29
2014/12/20 05:44:05,SLPR7:Voltage C:Magnitude,431318.25,-2.4
2014/12/20 05:44:05,720: Raichur-SLPR1(MVAR):Analog,-18192980.0,2.26
2014/12/20 05:44:05,SLPR-RACHR1 (MVAR):Analog,-233694464.0,-2.3
2014/12/20 05:44:05,RACHR-SLPR1-7 Vc:Voltage C:Magnitude,441968.66,-2.2
2014/12/20 05:44:05,SLPR7:Voltage A:Magnitude,432059.22,-2.37
2014/12/20 05:44:05,SLPR7:Voltage B:Magnitude,433024.31,-2.32
2014/12/20 05:44:05,SLPR7:Voltage C:Magnitude,431304.06,-2.42
2014/12/20 05:44:05,760: Raichur-SLPR1(MVAR):Analog,-18690088.0,2.22
2014/12/20 05:44:05,SLPR-RACHR1 (MVAR):Analog,-233774432.0,-2.3
2014/12/20 05:44:05,RACHR-SLPR1-7 Vc:Voltage C:Magnitude,441962.41,-2.21
2014/12/20 05:44:05,SLPR7:Voltage A:Magnitude,432050.81,-2.38
2014/12/20 05:44:05,SLPR7:Voltage B:Magnitude,433002.28,-2.35
2014/12/20 05:44:05,SLPR7:Voltage C:Magnitude,431283.88,-2.44
2014/12/20 05:44:05,800: Raichur-SLPR1(MVAR):Analog,-19010656.0,2.2
2014/12/20 05:44:05,SLPR-RACHR1 (MVAR):Analog,-233854416.0,-2.31
2014/12/20 05:44:05,RACHR-SLPR1-7 Vc:Voltage C:Magnitude,441956.34,-2.23
2014/12/20 05:44:05,SLPR7:Voltage A:Magnitude,432048.0,-2.39
2014/12/20 05:44:05,SLPR7:Voltage B:Magnitude,432986.25,-2.37
2014/12/20 05:44:05,SLPR7:Voltage C:Magnitude,431265.97,-2.46
2014/12/20 05:44:05,Raichur-SLPR1(MW):Analog,-193014272.0,-2.0
2014/12/20 05:44:05,840: Raichur-SLPR1(MVAR):Analog,-18707024.0,2.22
2014/12/20 05:44:05,SLPR-RACHR1 (MVAR):Analog,-233909008.0,-2.31
2014/12/20 05:44:05,RACHR-SLPR1-7 Vc:Voltage C:Magnitude,441947.94,-2.25
2014/12/20 05:44:05,SLPR7:Voltage A:Magnitude,432041.91,-2.4
2014/12/20 05:44:05,SLPR7:Voltage B:Magnitude,432973.53,-2.38
2014/12/20 05:44:05,SLPR7:Voltage C:Magnitude,431259.44,-2.47
2014/12/20 05:44:05,Raichur-SLPR1(MW):Analog,-193889072.0,-2.01
2014/12/20 05:44:05,880: Raichur-SLPR1(MVAR):Analog,-17996166.0,2.27
2014/12/20 05:44:05,SLPR-RACHR1 (MVAR):Analog,-234055360.0,-2.32
2014/12/20 05:44:05,RACHR-SLPR1-7 Vc:Voltage C:Magnitude,441935.78,-2.27
2014/12/20 05:44:05,SLPR7:Voltage A:Magnitude,432026.34,-2.42
2014/12/20 05:44:05,SLPR7:Voltage B:Magnitude,432958.97,-2.4
2014/12/20 05:44:05,SLPR7:Voltage C:Magnitude,431245.78,-2.48
2014/12/20 05:44:05,Raichur-SLPR1(MW):Analog,-194755072.0,-2.02
2014/12/20 05:44:05,920: Raichur-SLPR1(MVAR):Analog,-17023174.0,2.34
2014/12/20 05:44:05,SLPR-RACHR1 (MVAR):Analog,-234214288.0,-2.34
2014/12/20 05:44:05,RACHR-SLPR1-7 Vc:Voltage C:Magnitude,441923.5,-2.3
2014/12/20 05:44:05,SLPR7:Voltage A:Magnitude,432000.78,-2.46
2014/12/20 05:44:05,SLPR7:Voltage B:Magnitude,432937.19,-2.43
2014/12/20 05:44:05,SLPR7:Voltage C:Magnitude,431217.84,-2.51
2014/12/20 05:44:05,Raichur-SLPR1(MW):Analog,-195337120.0,-2.03
2014/12/20 05:44:05,960: Raichur-SLPR1(MVAR):Analog,-16709294.0,2.36
2014/12/20 05:44:05,SLPR-RACHR1 (MVAR):Analog,-234274944.0,-2.34
2014/12/20 05:44:05,RACHR-SLPR1-7 Vc:Voltage C:Magnitude,441910.59,-2.33
2014/12/20 05:44:05,SLPR7:Voltage A:Magnitude,431981.38,-2.48
2014/12/20 05:44:05,SLPR7:Voltage B:Magnitude,432923.53,-2.45
2014/12/20 05:44:05,SLPR7:Voltage C:Magnitude,431191.31,-2.54
2014/12/20 05:44:05,Raichur-SLPR1(MW):Analog,-195787520.0,-2.04
2014/12/20 05:44:06,000: Raichur-SLPR1(MVAR):Analog,-16410633.0,2.38
2014/12/20 05:44:06,SLPR-RACHR1 (MVAR):Analog,-234306272.0,-2.35
2014/12/20 05:44:06,RACHR-SLPR1-7 Vc:Voltage C:Magnitude,441902.06,-2.35
2014/12/20 05:44:06,SLPR7:Voltage A:Magnitude,431979.22,-2.49
2014/12/20 05:44:06,SLPR7:Voltage B:Magnitude,432937.81,-2.43
2014/12/20 05:44:06,SLPR7:Voltage C:Magnitude,431189.78,-2.55
2014/12/20 05:44:06,Raichur-SLPR1(MW):Analog,-196570480.0,-2.04
2014/12/20 05:44:06,SLPR-RACHR1 (MW):Analog,197428816.0,2.01
2014/12/20 05:44:06,040: Raichur-SLPR1(MVAR):Analog,-16471672.0,2.38
2014/12/20 05:44:06,SLPR-RACHR1 (MVAR):Analog,-234344832.0,-2.35
2014/12/20 05:44:06,RACHR-SLPR1-7 Vc:Voltage C:Magnitude,441895.16,-2.36
2014/12/20 05:44:06,SLPR7:Voltage A:Magnitude,431972.25,-2.5
2014/12/20 05:44:06,SLPR7:Voltage B:Magnitude,432938.38,-2.43
2014/12/20 05:44:06,SLPR7:Voltage C:Magnitude,431188.03,-2.55
2014/12/20 05:44:06,Raichur-SLPR1(MW):Analog,-197474864.0,-2.06
2014/12/20 05:44:06,SLPR-RACHR1 (MW):Analog,198127056.0,2.01
2014/12/20 05:44:06,080: Raichur-SLPR1(MVAR):Analog,-16112972.0,2.4
2014/12/20 05:44:06,SLPR-RACHR1 (MVAR):Analog,-234412592.0,-2.35
2014/12/20 05:44:06,RACHR-SLPR1-7 Vc:Voltage C:Magnitude,441890.44,-2.37
2014/12/20 05:44:06,SLPR7:Voltage A:Magnitude,431951.38,-2.53
2014/12/20 05:44:06,SLPR7:Voltage B:Magnitude,432916.91,-2.45
2014/12/20 05:44:06,SLPR7:Voltage C:Magnitude,431168.66,-2.57
2014/12/20 05:44:06,Raichur-SLPR1(MW):Analog,-198550096.0,-2.07
2014/12/20 05:44:06,SLPR-RACHR1 (MW):Analog,198829584.0,2.02
2014/12/20 05:44:06,120: Raichur-SLPR1(MVAR):Analog,-16194084.0,2.4
2014/12/20 05:44:06,SLPR-RACHR1 (MVAR):Analog,-234460512.0,-2.36
2014/12/20 05:44:06,RACHR-SLPR1-7 Vc:Voltage C:Magnitude,441889.16,-2.38
2014/12/20 05:44:06,SLPR7:Voltage A:Magnitude,431943.31,-2.54
2014/12/20 05:44:06,SLPR7:Voltage B:Magnitude,432900.53,-2.47
2014/12/20 05:44:06,SLPR7:Voltage C:Magnitude,431159.53,-2.58
2014/12/20 05:44:06,Raichur-SLPR1(MW):Analog,-199256960.0,-2.08
2014/12/20 05:44:06,SLPR-RACHR1 (MW):Analog,199396624.0,2.03
2014/12/20 05:44:06,160: Raichur-SLPR1(MVAR):Analog,-16544334.0,2.37
2014/12/20 05:44:06,SLPR-RACHR1 (MVAR):Analog,-234542032.0,-2.36
2014/12/20 05:44:06,RACHR-SLPR1-7 Vc:Voltage C:Magnitude,441888.12,-2.38
2014/12/20 05:44:06,SLPR7:Voltage A:Magnitude,431953.28,-2.52
2014/12/20 05:44:06,SLPR7:Voltage B:Magnitude,432898.22,-2.48
2014/12/20 05:44:06,SLPR7:Voltage C:Magnitude,431154.88,-2.59
2014/12/20 05:44:06,Raichur-SLPR1(MW):Analog,-199516432.0,-2.08
2014/12/20 05:44:06,SLPR-RACHR1 (MW):Analog,199841136.0,2.03
2014/12/20 05:44:06,200: Raichur-SLPR1(MVAR):Analog,-16967188.0,2.34
2014/12/20 05:44:06,SLPR-RACHR1 (MVAR):Analog,-234661568.0,-2.37
2014/12/20 05:44:06,RACHR-SLPR1-7 Vc:Voltage C:Magnitude,441887.47,-2.38
2014/12/20 05:44:06,SLPR7:Voltage A:Magnitude,431947.94,-2.53
2014/12/20 05:44:06,SLPR7:Voltage B:Magnitude,432896.66,-2.48
2014/12/20 05:44:06,SLPR7:Voltage C:Magnitude,431146.19,-2.6
2014/12/20 05:44:06,Raichur-SLPR1(MW):Analog,-199426784.0,-2.08
2014/12/20 05:44:06,SLPR-RACHR1 (MW):Analog,200223264.0,2.04
2014/12/20 05:44:06,240: Raichur-SLPR1(MVAR):Analog,-17267348.0,2.32
2014/12/20 05:44:06,SLPR-RACHR1 (MVAR):Analog,-234774688.0,-2.38
2014/12/20 05:44:06,RACHR-SLPR1-7 Vc:Voltage C:Magnitude,441884.12,-2.39
2014/12/20 05:44:06,SLPR7:Voltage A:Magnitude,431924.97,-2.57
2014/12/20 05:44:06,SLPR7:Voltage B:Magnitude,432879.09,-2.5
2014/12/20 05:44:06,SLPR7:Voltage C:Magnitude,431129.78,-2.61
2014/12/20 05:44:06,Raichur-SLPR1(MW):Analog,-199286304.0,-2.08
2014/12/20 05:44:06,SLPR-RACHR1 (MW):Analog,200518944.0,2.04
2014/12/20 05:44:06,280: Raichur-SLPR1(MVAR):Analog,-17410148.0,2.31
2014/12/20 05:44:06,SLPR-RACHR1 (MVAR):Analog,-234842688.0,-2.39
2014/12/20 05:44:06,RACHR-SLPR1-7 Vc:Voltage C:Magnitude,441878.59,-2.4
2014/12/20 05:44:06,SLPR7:Voltage A:Magnitude,431927.41,-2.56
2014/12/20 05:44:06,SLPR7:Voltage B:Magnitude,432880.41,-2.5
2014/12/20 05:44:06,SLPR7:Voltage C:Magnitude,431127.28,-2.62
2014/12/20 05:44:06,Raichur-SLPR1(MW):Analog,-199241680.0,-2.08
2014/12/20 05:44:06,SLPR-RACHR1 (MW):Analog,200818736.0,2.04
2014/12/20 05:44:06,320: Raichur-SLPR1(MVAR):Analog,-17545132.0,2.3
2014/12/20 05:44:06,SLPR-RACHR1 (MVAR):Analog,-234853392.0,-2.39
2014/12/20 05:44:06,RACHR-SLPR1-7 Vc:Voltage C:Magnitude,441872.75,-2.41
2014/12/20 05:44:06,SLPR7:Voltage A:Magnitude,431939.25,-2.55
2014/12/20 05:44:06,SLPR7:Voltage B:Magnitude,432892.97,-2.48
2014/12/20 05:44:06,SLPR7:Voltage C:Magnitude,431135.59,-2.61
2014/12/20 05:44:06,Raichur-SLPR1(MW):Analog,-199293904.0,-2.08
2014/12/20 05:44:06,SLPR-RACHR1 (MW):Analog,201155056.0,2.05
2014/12/20 05:44:06,360: Raichur-SLPR1(MVAR):Analog,-17376824.0,2.31
2014/12/20 05:44:06,SLPR-RACHR1 (MVAR):Analog,-234963984.0,-2.4
2014/12/20 05:44:06,RACHR-SLPR1-7 Vc:Voltage C:Magnitude,441863.59,-2.43
2014/12/20 05:44:06,SLPR7:Voltage A:Magnitude,431935.16,-2.55
2014/12/20 05:44:06,SLPR7:Voltage B:Magnitude,432885.53,-2.49
2014/12/20 05:44:06,SLPR7:Voltage C:Magnitude,431127.94,-2.62
2014/12/20 05:44:06,Raichur-SLPR1(MW):Analog,-199532480.0,-2.08
2014/12/20 05:44:06,SLPR-RACHR1 (MW):Analog,201419232.0,2.05
2014/12/20 05:44:06,400: Raichur-SLPR1(MVAR):Analog,-16892950.0,2.35
2014/12/20 05:44:06,SLPR-RACHR1 (MVAR):Analog,-235130400.0,-2.41
2014/12/20 05:44:06,RACHR-SLPR1-7 Vc:Voltage C:Magnitude,441858.56,-2.44
2014/12/20 05:44:06,SLPR7:Voltage A:Magnitude,431931.81,-2.56
2014/12/20 05:44:06,SLPR7:Voltage B:Magnitude,432870.53,-2.51
2014/12/20 05:44:06,SLPR7:Voltage C:Magnitude,431110.97,-2.64
2014/12/20 05:44:06,Raichur-SLPR1(MW):Analog,-199724000.0,-2.08
2014/12/20 05:44:06,SLPR-RACHR1 (MW):Analog,201561520.0,2.05
2014/12/20 05:44:06,440: Raichur-SLPR1(MVAR):Analog,-16519488.0,2.37
2014/12/20 05:44:06,SLPR-RACHR1 (MVAR):Analog,-235237984.0,-2.42
2014/12/20 05:44:06,RACHR-SLPR1-7 Vc:Voltage C:Magnitude,441856.88,-2.45
2014/12/20 05:44:06,SLPR7:Voltage A:Magnitude,431927.19,-2.56
2014/12/20 05:44:06,SLPR7:Voltage B:Magnitude,432855.19,-2.53
2014/12/20 05:44:06,SLPR7:Voltage C:Magnitude,431099.03,-2.65
2014/12/20 05:44:06,Raichur-SLPR1(MW):Analog,-199888160.0,-2.08
2014/12/20 05:44:06,SLPR-RACHR1 (MW):Analog,201621792.0,2.05
2014/12/20 05:44:06,480: Raichur-SLPR1(MVAR):Analog,-16055212.0,2.41
2014/12/20 05:44:06,SLPR-RACHR1 (MVAR):Analog,-235352208.0,-2.43
2014/12/20 05:44:06,RACHR-SLPR1-7 Vc:Voltage C:Magnitude,441861.56,-2.44
2014/12/20 05:44:06,SLPR7:Voltage A:Magnitude,431920.72,-2.57
2014/12/20 05:44:06,SLPR7:Voltage B:Magnitude,432856.09,-2.53
2014/12/20 05:44:06,SLPR7:Voltage C:Magnitude,431100.88,-2.65
2014/12/20 05:44:06,Raichur-SLPR1(MW):Analog,-199793504.0,-2.08
2014/12/20 05:44:06,SLPR-RACHR1 (MW):Analog,201639392.0,2.05
2014/12/20 05:44:06,520: Raichur-SLPR1(MVAR):Analog,-15854367.0,2.42
2014/12/20 05:44:06,SLPR-RACHR1 (MVAR):Analog,-235422736.0,-2.44
2014/12/20 05:44:06,RACHR-SLPR1-7 Vc:Voltage C:Magnitude,441867.91,-2.42
2014/12/20 05:44:06,SLPR7:Voltage A:Magnitude,431924.69,-2.57
2014/12/20 05:44:06,SLPR7:Voltage B:Magnitude,432870.78,-2.51
2014/12/20 05:44:06,SLPR7:Voltage C:Magnitude,431117.34,-2.63
2014/12/20 05:44:06,Raichur-SLPR1(MW):Analog,-199837568.0,-2.08
2014/12/20 05:44:06,SLPR-RACHR1 (MW):Analog,201546576.0,2.05
2014/12/20 05:44:06,560: Raichur-SLPR1(MVAR):Analog,-15716505.0,2.43
2014/12/20 05:44:06,SLPR-RACHR1 (MVAR):Analog,-235444736.0,-2.44
2014/12/20 05:44:06,RACHR-SLPR1-7 Vc:Voltage C:Magnitude,441874.34,-2.41
2014/12/20 05:44:06,SLPR7:Voltage A:Magnitude,431921.12,-2.57
2014/12/20 05:44:06,SLPR7:Voltage B:Magnitude,432873.0,-2.51
2014/12/20 05:44:06,SLPR7:Voltage C:Magnitude,431119.62,-2.63
2014/12/20 05:44:06,Raichur-SLPR1(MW):Analog,-199688480.0,-2.08
2014/12/20 05:44:06,SLPR-RACHR1 (MW):Analog,201516224.0,2.05
2014/12/20 05:44:06,600: Raichur-SLPR1(MVAR):Analog,-15437030.0,2.45
2014/12/20 05:44:06,SLPR-RACHR1 (MVAR):Analog,-235463408.0,-2.44
2014/12/20 05:44:06,RACHR-SLPR1-7 Va:Voltage A:Magnitude,443219.06,-2.01
2014/12/20 05:44:06,RACHR-SLPR1-7 Vc:Voltage C:Magnitude,441879.16,-2.4
2014/12/20 05:44:06,SLPR7:Voltage A:Magnitude,431905.91,-2.59
2014/12/20 05:44:06,SLPR7:Voltage B:Magnitude,432868.34,-2.51
2014/12/20 05:44:06,SLPR7:Voltage C:Magnitude,431113.31,-2.63
2014/12/20 05:44:06,Raichur-SLPR1(MW):Analog,-199538528.0,-2.08
2014/12/20 05:44:06,SLPR-RACHR1 (MW):Analog,201541040.0,2.05
2014/12/20 05:44:06,640: Raichur-SLPR1(MVAR):Analog,-15587286.0,2.44
2014/12/20 05:44:06,SLPR-RACHR1 (MVAR):Analog,-235481632.0,-2.44
2014/12/20 05:44:06,RACHR-SLPR1-7 Va:Voltage A:Magnitude,443216.28,-2.01
2014/12/20 05:44:06,RACHR-SLPR1-7 Vc:Voltage C:Magnitude,441885.53,-2.38
2014/12/20 05:44:06,SLPR7:Voltage A:Magnitude,431908.94,-2.59
2014/12/20 05:44:06,SLPR7:Voltage B:Magnitude,432870.78,-2.51
2014/12/20 05:44:06,SLPR7:Voltage C:Magnitude,431123.53,-2.62
2014/12/20 05:44:06,Raichur-SLPR1(MW):Analog,-199385824.0,-2.08
2014/12/20 05:44:06,SLPR-RACHR1 (MW):Analog,201415840.0,2.05
2014/12/20 05:44:06,680: Raichur-SLPR1(MVAR):Analog,-15617235.0,2.44
2014/12/20 05:44:06,SLPR-RACHR1 (MVAR):Analog,-235513440.0,-2.44
2014/12/20 05:44:06,RACHR-SLPR1-7 Va:Voltage A:Magnitude,443218.25,-2.01
2014/12/20 05:44:06,RACHR-SLPR1-7 Vc:Voltage C:Magnitude,441891.0,-2.37
2014/12/20 05:44:06,SLPR7:Voltage A:Magnitude,431919.53,-2.57
2014/12/20 05:44:06,SLPR7:Voltage B:Magnitude,432880.09,-2.5
2014/12/20 05:44:06,SLPR7:Voltage C:Magnitude,431136.81,-2.61
2014/12/20 05:44:06,Raichur-SLPR1(MW):Analog,-199382704.0,-2.08
2014/12/20 05:44:06,SLPR-RACHR1 (MW):Analog,201348672.0,2.05
2014/12/20 05:44:06,720: Raichur-SLPR1(MVAR):Analog,-15977769.0,2.41
2014/12/20 05:44:06,SLPR-RACHR1 (MVAR):Analog,-235490896.0,-2.44
2014/12/20 05:44:06,RACHR-SLPR1-7 Vc:Voltage C:Magnitude,441896.59,-2.36
2014/12/20 05:44:06,SLPR7:Voltage A:Magnitude,431925.72,-2.56
2014/12/20 05:44:06,SLPR7:Voltage B:Magnitude,432888.41,-2.49
2014/12/20 05:44:06,SLPR7:Voltage C:Magnitude,431142.31,-2.6
2014/12/20 05:44:06,Raichur-SLPR1(MW):Analog,-199549584.0,-2.08
2014/12/20 05:44:06,SLPR-RACHR1 (MW):Analog,201285984.0,2.05
2014/12/20 05:44:06,760: Raichur-SLPR1(MVAR):Analog,-15947550.0,2.42
2014/12/20 05:44:06,SLPR-RACHR1 (MVAR):Analog,-235452528.0,-2.44
2014/12/20 05:44:06,RACHR-SLPR1-7 Vc:Voltage C:Magnitude,441899.34,-2.35
2014/12/20 05:44:06,SLPR7:Voltage A:Magnitude,431931.41,-2.56
2014/12/20 05:44:06,SLPR7:Voltage B:Magnitude,432888.78,-2.49
2014/12/20 05:44:06,SLPR7:Voltage C:Magnitude,431139.81,-2.6
2014/12/20 05:44:06,Raichur-SLPR1(MW):Analog,-199598128.0,-2.08
2014/12/20 05:44:06,SLPR-RACHR1 (MW):Analog,201119744.0,2.05
2014/12/20 05:44:06,800: Raichur-SLPR1(MVAR):Analog,-15921022.0,2.42
2014/12/20 05:44:06,SLPR-RACHR1 (MVAR):Analog,-235425968.0,-2.44
2014/12/20 05:44:06,RACHR-SLPR1-7 Vc:Voltage C:Magnitude,441904.62,-2.34
2014/12/20 05:44:06,SLPR7:Voltage A:Magnitude,431942.16,-2.54
2014/12/20 05:44:06,SLPR7:Voltage B:Magnitude,432899.28,-2.48
2014/12/20 05:44:06,SLPR7:Voltage C:Magnitude,431143.72,-2.6
2014/12/20 05:44:06,Raichur-SLPR1(MW):Analog,-199549776.0,-2.08
2014/12/20 05:44:06,SLPR-RACHR1 (MW):Analog,200960336.0,2.05
2014/12/20 05:44:06,840: Raichur-SLPR1(MVAR):Analog,-15749336.0,2.43
2014/12/20 05:44:06,SLPR-RACHR1 (MVAR):Analog,-235348192.0,-2.43
2014/12/20 05:44:06,RACHR-SLPR1-7 Vc:Voltage C:Magnitude,441911.53,-2.33
2014/12/20 05:44:06,SLPR7:Voltage A:Magnitude,431962.16,-2.51
2014/12/20 05:44:06,SLPR7:Voltage B:Magnitude,432917.91,-2.45
2014/12/20 05:44:06,SLPR7:Voltage C:Magnitude,431158.94,-2.58
2014/12/20 05:44:06,Raichur-SLPR1(MW):Analog,-199195552.0,-2.08
2014/12/20 05:44:06,SLPR-RACHR1 (MW):Analog,200809984.0,2.04
2014/12/20 05:44:06,880: Raichur-SLPR1(MVAR):Analog,-15857892.0,2.42
2014/12/20 05:44:06,SLPR-RACHR1 (MVAR):Analog,-235266000.0,-2.42
2014/12/20 05:44:06,RACHR-SLPR1-7 Vc:Voltage C:Magnitude,441921.09,-2.31
2014/12/20 05:44:06,SLPR7:Voltage A:Magnitude,431980.09,-2.49
2014/12/20 05:44:06,SLPR7:Voltage B:Magnitude,432933.88,-2.43
2014/12/20 05:44:06,SLPR7:Voltage C:Magnitude,431172.12,-2.57
2014/12/20 05:44:06,Raichur-SLPR1(MW):Analog,-198612800.0,-2.07
2014/12/20 05:44:06,SLPR-RACHR1 (MW):Analog,200637920.0,2.04
2014/12/20 05:44:06,920: Raichur-SLPR1(MVAR):Analog,-16096300.0,2.4
2014/12/20 05:44:06,SLPR-RACHR1 (MVAR):Analog,-235239776.0,-2.42
2014/12/20 05:44:06,RACHR-SLPR1-7 Vc:Voltage C:Magnitude,441930.72,-2.28
2014/12/20 05:44:06,SLPR7:Voltage A:Magnitude,431989.91,-2.47
2014/12/20 05:44:06,SLPR7:Voltage B:Magnitude,432941.09,-2.42
2014/12/20 05:44:06,SLPR7:Voltage C:Magnitude,431182.94,-2.55
2014/12/20 05:44:06,Raichur-SLPR1(MW):Analog,-197939936.0,-2.06
2014/12/20 05:44:06,SLPR-RACHR1 (MW):Analog,200448160.0,2.04
2014/12/20 05:44:06,960: Raichur-SLPR1(MVAR):Analog,-16011256.0,2.41
2014/12/20 05:44:06,SLPR-RACHR1 (MVAR):Analog,-235228208.0,-2.42
2014/12/20 05:44:06,RACHR-SLPR1-7 Vc:Voltage C:Magnitude,441937.53,-2.27
2014/12/20 05:44:06,SLPR7:Voltage A:Magnitude,431989.69,-2.47
2014/12/20 05:44:06,SLPR7:Voltage B:Magnitude,432938.31,-2.43
2014/12/20 05:44:06,SLPR7:Voltage C:Magnitude,431191.62,-2.54
2014/12/20 05:44:06,Raichur-SLPR1(MW):Analog,-197391776.0,-2.05
2014/12/20 05:44:06,SLPR-RACHR1 (MW):Analog,200281920.0,2.04
2014/12/20 05:44:07,000: Raichur-SLPR1(MVAR):Analog,-15825933.0,2.42
2014/12/20 05:44:07,SLPR-RACHR1 (MVAR):Analog,-235143968.0,-2.41
2014/12/20 05:44:07,RACHR-SLPR1-7 Vc:Voltage C:Magnitude,441942.75,-2.26
2014/12/20 05:44:07,SLPR7:Voltage A:Magnitude,431993.09,-2.47
2014/12/20 05:44:07,SLPR7:Voltage B:Magnitude,432939.12,-2.43
2014/12/20 05:44:07,SLPR7:Voltage C:Magnitude,431203.31,-2.53
2014/12/20 05:44:07,Raichur-SLPR1(MW):Analog,-197225856.0,-2.05
2014/12/20 05:44:07,SLPR-RACHR1 (MW):Analog,200088864.0,2.04
2014/12/20 05:44:07,040: Raichur-SLPR1(MVAR):Analog,-15318690.0,2.46
2014/12/20 05:44:07,SLPR-RACHR1 (MVAR):Analog,-235026576.0,-2.4
2014/12/20 05:44:07,RACHR-SLPR1-7 Vc:Voltage C:Magnitude,441946.38,-2.25
2014/12/20 05:44:07,SLPR7:Voltage A:Magnitude,431999.72,-2.46
2014/12/20 05:44:07,SLPR7:Voltage B:Magnitude,432932.38,-2.43
2014/12/20 05:44:07,SLPR7:Voltage C:Magnitude,431206.69,-2.53
2014/12/20 05:44:07,Raichur-SLPR1(MW):Analog,-197042848.0,-2.05
2014/12/20 05:44:07,SLPR-RACHR1 (MW):Analog,199825616.0,2.03
2014/12/20 05:44:07,080: Raichur-SLPR1(MVAR):Analog,-15375066.0,2.46
2014/12/20 05:44:07,SLPR-RACHR1 (MVAR):Analog,-234945920.0,-2.4
2014/12/20 05:44:07,RACHR-SLPR1-7 Vc:Voltage C:Magnitude,441948.31,-2.25
2014/12/20 05:44:07,SLPR7:Voltage A:Magnitude,432002.62,-2.45
2014/12/20 05:44:07,SLPR7:Voltage B:Magnitude,432930.59,-2.44
2014/12/20 05:44:07,SLPR7:Voltage C:Magnitude,431204.91,-2.53
2014/12/20 05:44:07,Raichur-SLPR1(MW):Analog,-196934896.0,-2.05
2014/12/20 05:44:07,SLPR-RACHR1 (MW):Analog,199544368.0,2.03
2014/12/20 05:44:07,120: Raichur-SLPR1(MVAR):Analog,-15718410.0,2.43
2014/12/20 05:44:07,SLPR-RACHR1 (MVAR):Analog,-234912272.0,-2.39
2014/12/20 05:44:07,RACHR-SLPR1-7 Vc:Voltage C:Magnitude,441951.62,-2.24
2014/12/20 05:44:07,SLPR7:Voltage A:Magnitude,432006.41,-2.45
2014/12/20 05:44:07,SLPR7:Voltage B:Magnitude,432939.69,-2.43
2014/12/20 05:44:07,SLPR7:Voltage C:Magnitude,431214.81,-2.52
2014/12/20 05:44:07,Raichur-SLPR1(MW):Analog,-196976240.0,-2.05
2014/12/20 05:44:07,SLPR-RACHR1 (MW):Analog,199183984.0,2.03
2014/12/20 05:44:07,160: Raichur-SLPR1(MVAR):Analog,-16327863.0,2.39
2014/12/20 05:44:07,SLPR-RACHR1 (MVAR):Analog,-234964128.0,-2.4
2014/12/20 05:44:07,RACHR-SLPR1-7 Vc:Voltage C:Magnitude,441954.44,-2.23
2014/12/20 05:44:07,SLPR7:Voltage A:Magnitude,432000.25,-2.46
2014/12/20 05:44:07,SLPR7:Voltage B:Magnitude,432936.34,-2.43
2014/12/20 05:44:07,SLPR7:Voltage C:Magnitude,431209.78,-2.52
2014/12/20 05:44:07,Raichur-SLPR1(MW):Analog,-197241984.0,-2.05
2014/12/20 05:44:07,SLPR-RACHR1 (MW):Analog,198774064.0,2.02
2014/12/20 05:44:07,200: Raichur-SLPR1(MVAR):Analog,-16775502.0,2.36
2014/12/20 05:44:07,SLPR-RACHR1 (MVAR):Analog,-234983344.0,-2.4
2014/12/20 05:44:07,RACHR-SLPR1-7 Vc:Voltage C:Magnitude,441957.75,-2.22
2014/12/20 05:44:07,SLPR7:Voltage A:Magnitude,431999.97,-2.46
2014/12/20 05:44:07,SLPR7:Voltage B:Magnitude,432945.12,-2.42
2014/12/20 05:44:07,SLPR7:Voltage C:Magnitude,431207.28,-2.53
2014/12/20 05:44:07,Raichur-SLPR1(MW):Analog,-197380064.0,-2.05
2014/12/20 05:44:07,SLPR-RACHR1 (MW):Analog,198442800.0,2.02
2014/12/20 05:44:07,240: Raichur-SLPR1(MVAR):Analog,-16776273.0,2.36
2014/12/20 05:44:07,SLPR-RACHR1 (MVAR):Analog,-234887216.0,-2.39
2014/12/20 05:44:07,RACHR-SLPR1-7 Vc:Voltage C:Magnitude,441963.75,-2.21
2014/12/20 05:44:07,SLPR7:Voltage A:Magnitude,432010.09,-2.44
2014/12/20 05:44:07,SLPR7:Voltage B:Magnitude,432964.41,-2.39
2014/12/20 05:44:07,SLPR7:Voltage C:Magnitude,431221.34,-2.51
2014/12/20 05:44:07,Raichur-SLPR1(MW):Analog,-197246816.0,-2.05
2014/12/20 05:44:07,SLPR-RACHR1 (MW):Analog,198215008.0,2.02
2014/12/20 05:44:07,280: Raichur-SLPR1(MVAR):Analog,-16721388.0,2.36
2014/12/20 05:44:07,SLPR-RACHR1 (MVAR):Analog,-234892304.0,-2.39
2014/12/20 05:44:07,RACHR-SLPR1-7 Vc:Voltage C:Magnitude,441965.78,-2.21
2014/12/20 05:44:07,SLPR7:Voltage A:Magnitude,432007.19,-2.45
2014/12/20 05:44:07,SLPR7:Voltage B:Magnitude,432964.03,-2.4
2014/12/20 05:44:07,SLPR7:Voltage C:Magnitude,431228.88,-2.5
2014/12/20 05:44:07,Raichur-SLPR1(MW):Analog,-196721600.0,-2.05
2014/12/20 05:44:07,SLPR-RACHR1 (MW):Analog,198102896.0,2.01
2014/12/20 05:44:07,320: Raichur-SLPR1(MVAR):Analog,-16453947.0,2.38
2014/12/20 05:44:07,SLPR-RACHR1 (MVAR):Analog,-234963824.0,-2.4
2014/12/20 05:44:07,RACHR-SLPR1-7 Vc:Voltage C:Magnitude,441965.41,-2.21
2014/12/20 05:44:07,SLPR7:Voltage A:Magnitude,432000.78,-2.46
2014/12/20 05:44:07,SLPR7:Voltage B:Magnitude,432951.72,-2.41
2014/12/20 05:44:07,SLPR7:Voltage C:Magnitude,431227.84,-2.5
2014/12/20 05:44:07,Raichur-SLPR1(MW):Analog,-196304672.0,-2.04
2014/12/20 05:44:07,SLPR-RACHR1 (MW):Analog,197864784.0,2.01
2014/12/20 05:44:07,360: Raichur-SLPR1(MVAR):Analog,-16422795.0,2.38
2014/12/20 05:44:07,SLPR-RACHR1 (MVAR):Analog,-234968640.0,-2.4
2014/12/20 05:44:07,RACHR-SLPR1-7 Vc:Voltage C:Magnitude,441957.88,-2.22
2014/12/20 05:44:07,SLPR7:Voltage A:Magnitude,431995.0,-2.46
2014/12/20 05:44:07,SLPR7:Voltage B:Magnitude,432939.44,-2.43
2014/12/20 05:44:07,SLPR7:Voltage C:Magnitude,431214.0,-2.52
2014/12/20 05:44:07,Raichur-SLPR1(MW):Analog,-195971664.0,-2.04
2014/12/20 05:44:07,SLPR-RACHR1 (MW):Analog,197588176.0,2.01
2014/12/20 05:44:07,400: Raichur-SLPR1(MVAR):Analog,-16531593.0,2.37
2014/12/20 05:44:07,SLPR-RACHR1 (MVAR):Analog,-234920304.0,-2.39
2014/12/20 05:44:07,RACHR-SLPR1-7 Vc:Voltage C:Magnitude,441953.78,-2.23
2014/12/20 05:44:07,SLPR7:Voltage A:Magnitude,431998.12,-2.46
2014/12/20 05:44:07,SLPR7:Voltage B:Magnitude,432939.78,-2.43
2014/12/20 05:44:07,SLPR7:Voltage C:Magnitude,431207.59,-2.53
2014/12/20 05:44:07,Raichur-SLPR1(MW):Analog,-196131088.0,-2.04
2014/12/20 05:44:07,SLPR-RACHR1 (MW):Analog,197445616.0,2.01
2014/12/20 05:44:07,440: Raichur-SLPR1(MVAR):Analog,-16930578.0,2.35
2014/12/20 05:44:07,SLPR-RACHR1 (MVAR):Analog,-234791024.0,-2.38
2014/12/20 05:44:07,RACHR-SLPR1-7 Vc:Voltage C:Magnitude,441955.53,-2.23
2014/12/20 05:44:07,SLPR7:Voltage A:Magnitude,432009.72,-2.44
2014/12/20 05:44:07,SLPR7:Voltage B:Magnitude,432946.62,-2.42
2014/12/20 05:44:07,SLPR7:Voltage C:Magnitude,431216.0,-2.52
2014/12/20 05:44:07,Raichur-SLPR1(MW):Analog,-196329392.0,-2.04
2014/12/20 05:44:07,SLPR-RACHR1 (MW):Analog,197277856.0,2.0
2014/12/20 05:44:07,480: Raichur-SLPR1(MVAR):Analog,-17192176.0,2.33
2014/12/20 05:44:07,SLPR-RACHR1 (MVAR):Analog,-234687120.0,-2.38
2014/12/20 05:44:07,RACHR-SLPR1-7 Vc:Voltage C:Magnitude,441963.47,-2.21
2014/12/20 05:44:07,SLPR7:Voltage A:Magnitude,432020.47,-2.43
2014/12/20 05:44:07,SLPR7:Voltage B:Magnitude,432967.22,-2.39
2014/12/20 05:44:07,SLPR7:Voltage C:Magnitude,431232.72,-2.5
2014/12/20 05:44:07,Raichur-SLPR1(MW):Analog,-196166704.0,-2.04
2014/12/20 05:44:07,SLPR-RACHR1 (MW):Analog,197097168.0,2.0
2014/12/20 05:44:07,520: Raichur-SLPR1(MVAR):Analog,-16930456.0,2.35
2014/12/20 05:44:07,SLPR-RACHR1 (MVAR):Analog,-234598240.0,-2.37
2014/12/20 05:44:07,RACHR-SLPR1-7 Vc:Voltage C:Magnitude,441972.94,-2.19
2014/12/20 05:44:07,SLPR7:Voltage A:Magnitude,432033.34,-2.41
2014/12/20 05:44:07,SLPR7:Voltage B:Magnitude,433000.62,-2.35
2014/12/20 05:44:07,SLPR7:Voltage C:Magnitude,431261.16,-2.47
2014/12/20 05:44:07,Raichur-SLPR1(MW):Analog,-195835792.0,-2.04
2014/12/20 05:44:07,SLPR-RACHR1 (MW):Analog,196919072.0,2.0
2014/12/20 05:44:07,560: Raichur-SLPR1(MVAR):Analog,-16662555.0,2.36
2014/12/20 05:44:07,SLPR-RACHR1 (MVAR):Analog,-234465200.0,-2.36
2014/12/20 05:44:07,RACHR-SLPR1-7 Vc:Voltage C:Magnitude,441978.09,-2.18
2014/12/20 05:44:07,SLPR7:Voltage A:Magnitude,432042.0,-2.4
2014/12/20 05:44:07,SLPR7:Voltage B:Magnitude,433017.34,-2.33
2014/12/20 05:44:07,SLPR7:Voltage C:Magnitude,431269.88,-2.46
2014/12/20 05:44:07,Raichur-SLPR1(MW):Analog,-195419216.0,-2.03
2014/12/20 05:44:07,600: Raichur-SLPR1(MVAR):Analog,-16524366.0,2.37
2014/12/20 05:44:07,SLPR-RACHR1 (MVAR):Analog,-234380352.0,-2.35
2014/12/20 05:44:07,RACHR-SLPR1-7 Vc:Voltage C:Magnitude,441977.62,-2.18
2014/12/20 05:44:07,SLPR7:Voltage A:Magnitude,432050.03,-2.38
2014/12/20 05:44:07,SLPR7:Voltage B:Magnitude,433010.0,-2.34
2014/12/20 05:44:07,SLPR7:Voltage C:Magnitude,431266.19,-2.46
2014/12/20 05:44:07,Raichur-SLPR1(MW):Analog,-195295856.0,-2.03
2014/12/20 05:44:07,640: Raichur-SLPR1(MVAR):Analog,-17155902.0,2.33
2014/12/20 05:44:07,SLPR-RACHR1 (MVAR):Analog,-234316496.0,-2.35
2014/12/20 05:44:07,RACHR-SLPR1-7 Vc:Voltage C:Magnitude,441976.47,-2.18
2014/12/20 05:44:07,SLPR7:Voltage A:Magnitude,432061.0,-2.37
2014/12/20 05:44:07,SLPR7:Voltage B:Magnitude,433004.5,-2.34
2014/12/20 05:44:07,SLPR7:Voltage C:Magnitude,431269.75,-2.46
2014/12/20 05:44:07,Raichur-SLPR1(MW):Analog,-195441232.0,-2.03
2014/12/20 05:44:07,680: Raichur-SLPR1(MVAR):Analog,-17676378.0,2.29
2014/12/20 05:44:07,SLPR-RACHR1 (MVAR):Analog,-234181296.0,-2.33
2014/12/20 05:44:07,RACHR-SLPR1-7 Vc:Voltage C:Magnitude,441976.44,-2.18
2014/12/20 05:44:07,SLPR7:Voltage A:Magnitude,432073.78,-2.35
2014/12/20 05:44:07,SLPR7:Voltage B:Magnitude,433023.94,-2.32
2014/12/20 05:44:07,SLPR7:Voltage C:Magnitude,431279.5,-2.44
2014/12/20 05:44:07,Raichur-SLPR1(MW):Analog,-195482496.0,-2.03
2014/12/20 05:44:07,720: Raichur-SLPR1(MVAR):Analog,-18047730.0,2.27
2014/12/20 05:44:07,SLPR-RACHR1 (MVAR):Analog,-233969792.0,-2.32
2014/12/20 05:44:07,RACHR-SLPR1-7 Vc:Voltage C:Magnitude,441979.38,-2.18
2014/12/20 05:44:07,SLPR7:Voltage A:Magnitude,432091.03,-2.33
2014/12/20 05:44:07,SLPR7:Voltage B:Magnitude,433048.06,-2.29
2014/12/20 05:44:07,SLPR7:Voltage C:Magnitude,431293.44,-2.43
2014/12/20 05:44:07,Raichur-SLPR1(MW):Analog,-195730880.0,-2.03
2014/12/20 05:44:07,760: Raichur-SLPR1(MVAR):Analog,-18188358.0,2.26
2014/12/20 05:44:07,SLPR-RACHR1 (MVAR):Analog,-233791152.0,-2.3
2014/12/20 05:44:07,RACHR-SLPR1-7 Vc:Voltage C:Magnitude,441985.19,-2.16
2014/12/20 05:44:07,SLPR7:Voltage A:Magnitude,432106.53,-2.3
2014/12/20 05:44:07,SLPR7:Voltage B:Magnitude,433066.06,-2.27
2014/12/20 05:44:07,SLPR7:Voltage C:Magnitude,431308.62,-2.41
2014/12/20 05:44:07,Raichur-SLPR1(MW):Analog,-196162704.0,-2.04
2014/12/20 05:44:07,800: Raichur-SLPR1(MVAR):Analog,-18142908.0,2.26
2014/12/20 05:44:07,SLPR-RACHR1 (MVAR):Analog,-233630640.0,-2.29
2014/12/20 05:44:07,RACHR-SLPR1-7 Vc:Voltage C:Magnitude,441993.22,-2.15
2014/12/20 05:44:07,SLPR7:Voltage A:Magnitude,432126.03,-2.27
2014/12/20 05:44:07,SLPR7:Voltage B:Magnitude,433085.22,-2.24
2014/12/20 05:44:07,SLPR7:Voltage C:Magnitude,431328.31,-2.39
2014/12/20 05:44:07,Raichur-SLPR1(MW):Analog,-196496416.0,-2.04
2014/12/20 05:44:07,840: Raichur-SLPR1(MVAR):Analog,-18179952.0,2.26
2014/12/20 05:44:07,SLPR-RACHR1 (MVAR):Analog,-233524784.0,-2.28
2014/12/20 05:44:07,RACHR-SLPR1-7 Vc:Voltage C:Magnitude,442001.94,-2.13
2014/12/20 05:44:07,SLPR7:Voltage A:Magnitude,432135.78,-2.26
2014/12/20 05:44:07,SLPR7:Voltage B:Magnitude,433088.88,-2.24
2014/12/20 05:44:07,SLPR7:Voltage C:Magnitude,431338.91,-2.38
2014/12/20 05:44:07,Raichur-SLPR1(MW):Analog,-196425344.0,-2.04
2014/12/20 05:44:07,880: Raichur-SLPR1(MVAR):Analog,-18300966.0,2.25
2014/12/20 05:44:07,SLPR-RACHR1 (MVAR):Analog,-233460576.0,-2.28
2014/12/20 05:44:07,RACHR-SLPR1-7 Vc:Voltage C:Magnitude,442011.06,-2.11
2014/12/20 05:44:07,SLPR7:Voltage A:Magnitude,432128.44,-2.27
2014/12/20 05:44:07,SLPR7:Voltage B:Magnitude,433085.12,-2.24
2014/12/20 05:44:07,SLPR7:Voltage C:Magnitude,431339.5,-2.38
2014/12/20 05:44:07,Raichur-SLPR1(MW):Analog,-195489808.0,-2.03
2014/12/20 05:44:07,920: Raichur-SLPR1(MVAR):Analog,-18678492.0,2.22
2014/12/20 05:44:07,SLPR-RACHR1 (MVAR):Analog,-233382784.0,-2.27
2014/12/20 05:44:07,RACHR-SLPR1-7 Vc:Voltage C:Magnitude,442020.88,-2.09
2014/12/20 05:44:07,SLPR7:Voltage A:Magnitude,432136.5,-2.26
2014/12/20 05:44:07,SLPR7:Voltage B:Magnitude,433094.09,-2.23
2014/12/20 05:44:07,SLPR7:Voltage C:Magnitude,431354.47,-2.36
2014/12/20 05:44:07,Raichur-SLPR1(MW):Analog,-194208032.0,-2.02
2014/12/20 05:44:07,960: Raichur-SLPR1(MVAR):Analog,-19154232.0,2.19
2014/12/20 05:44:07,SLPR-RACHR1 (MVAR):Analog,-233383696.0,-2.27
2014/12/20 05:44:07,RACHR-SLPR1-7 Vc:Voltage C:Magnitude,442031.22,-2.06
2014/12/20 05:44:07,SLPR7:Voltage A:Magnitude,432157.84,-2.23
2014/12/20 05:44:07,SLPR7:Voltage B:Magnitude,433116.03,-2.21
2014/12/20 05:44:07,SLPR7:Voltage C:Magnitude,431372.72,-2.34
2014/12/20 05:44:07,Raichur-SLPR1(MW):Analog,-193312704.0,-2.01
2014/12/20 05:44:08,000: Raichur-SLPR1(MVAR):Analog,-19283076.0,2.18
2014/12/20 05:44:08,SLPR-RACHR1 (MVAR):Analog,-233340400.0,-2.27
2014/12/20 05:44:08,RACHR-SLPR1-7 Vc:Voltage C:Magnitude,442042.56,-2.04
2014/12/20 05:44:08,SLPR7:Voltage A:Magnitude,432173.59,-2.21
2014/12/20 05:44:08,SLPR7:Voltage B:Magnitude,433139.59,-2.18
2014/12/20 05:44:08,SLPR7:Voltage C:Magnitude,431385.09,-2.32
2014/12/20 05:44:08,Raichur-SLPR1(MW):Analog,-193214720.0,-2.01
2014/12/20 05:44:08,040: Raichur-SLPR1(MVAR):Analog,-19153338.0,2.19
2014/12/20 05:44:08,SLPR-RACHR1 (MVAR):Analog,-233175824.0,-2.25
2014/12/20 05:44:08,RACHR-SLPR1-7 Vc:Voltage C:Magnitude,442053.06,-2.01
2014/12/20 05:44:08,SLPR7:Voltage A:Magnitude,432183.31,-2.19
2014/12/20 05:44:08,SLPR7:Voltage B:Magnitude,433149.44,-2.16
2014/12/20 05:44:08,SLPR7:Voltage C:Magnitude,431397.88,-2.31
2014/12/20 05:44:08,Raichur-SLPR1(MW):Analog,-193517152.0,-2.01
2014/12/20 05:44:08,080: Raichur-SLPR1(MVAR):Analog,-18584016.0,2.23
2014/12/20 05:44:08,SLPR-RACHR1 (MVAR):Analog,-233059600.0,-2.24
2014/12/20 05:44:08,SLPR7:Voltage A:Magnitude,432190.31,-2.18
2014/12/20 05:44:08,SLPR7:Voltage B:Magnitude,433158.59,-2.15
2014/12/20 05:44:08,SLPR7:Voltage C:Magnitude,431413.22,-2.29
2014/12/20 05:44:08,Raichur-SLPR1(MW):Analog,-193819888.0,-2.01
2014/12/20 05:44:08,120: Raichur-SLPR1(MVAR):Analog,-18060882.0,2.26
2014/12/20 05:44:08,SLPR-RACHR1 (MVAR):Analog,-233032320.0,-2.24
2014/12/20 05:44:08,SLPR7:Voltage A:Magnitude,432201.38,-2.17
2014/12/20 05:44:08,SLPR7:Voltage B:Magnitude,433165.94,-2.14
2014/12/20 05:44:08,SLPR7:Voltage C:Magnitude,431425.91,-2.28
2014/12/20 05:44:08,Raichur-SLPR1(MW):Analog,-193592112.0,-2.01
2014/12/20 05:44:08,160: Raichur-SLPR1(MVAR):Analog,-17902716.0,2.28
2014/12/20 05:44:08,SLPR-RACHR1 (MVAR):Analog,-232944096.0,-2.23
2014/12/20 05:44:08,SLPR7:Voltage A:Magnitude,432208.88,-2.16
2014/12/20 05:44:08,SLPR7:Voltage B:Magnitude,433167.22,-2.14
2014/12/20 05:44:08,SLPR7:Voltage C:Magnitude,431432.56,-2.27
2014/12/20 05:44:08,Raichur-SLPR1(MW):Analog,-193374784.0,-2.01
2014/12/20 05:44:08,200: Raichur-SLPR1(MVAR):Analog,-18272526.0,2.25
2014/12/20 05:44:08,SLPR-RACHR1 (MVAR):Analog,-232794816.0,-2.22
2014/12/20 05:44:08,SLPR7:Voltage A:Magnitude,432218.16,-2.14
2014/12/20 05:44:08,SLPR7:Voltage B:Magnitude,433180.06,-2.13
2014/12/20 05:44:08,SLPR7:Voltage C:Magnitude,431443.06,-2.26
2014/12/20 05:44:08,Raichur-SLPR1(MW):Analog,-193182944.0,-2.0
2014/12/20 05:44:08,240: Raichur-SLPR1(MVAR):Analog,-19198590.0,2.18
2014/12/20 05:44:08,SLPR-RACHR1 (MVAR):Analog,-232703504.0,-2.22
2014/12/20 05:44:08,SLPR7:Voltage A:Magnitude,432225.5,-2.13
2014/12/20 05:44:08,SLPR7:Voltage B:Magnitude,433193.97,-2.11
2014/12/20 05:44:08,SLPR7:Voltage C:Magnitude,431451.41,-2.25
2014/12/20 05:44:08,280: Raichur-SLPR1(MVAR):Analog,-20073138.0,2.12
2014/12/20 05:44:08,SLPR-RACHR1 (MVAR):Analog,-232744848.0,-2.22
2014/12/20 05:44:08,SLPR7:Voltage A:Magnitude,432230.69,-2.12
2014/12/20 05:44:08,SLPR7:Voltage B:Magnitude,433204.38,-2.1
2014/12/20 05:44:08,SLPR7:Voltage C:Magnitude,431466.06,-2.23
2014/12/20 05:44:08,320: Raichur-SLPR1(MVAR):Analog,-20710962.0,2.08
2014/12/20 05:44:08,SLPR-RACHR1 (MVAR):Analog,-232745664.0,-2.22
2014/12/20 05:44:08,SLPR7:Voltage A:Magnitude,432242.19,-2.11
2014/12/20 05:44:08,SLPR7:Voltage B:Magnitude,433212.22,-2.09
2014/12/20 05:44:08,SLPR7:Voltage C:Magnitude,431485.28,-2.21
2014/12/20 05:44:08,360: Raichur-SLPR1(MVAR):Analog,-20861808.0,2.07
2014/12/20 05:44:08,SLPR-RACHR1 (MVAR):Analog,-232619744.0,-2.21
2014/12/20 05:44:08,SLPR7:Voltage A:Magnitude,432248.34,-2.1
2014/12/20 05:44:08,SLPR7:Voltage B:Magnitude,433212.97,-2.09
2014/12/20 05:44:08,SLPR7:Voltage C:Magnitude,431485.88,-2.21
2014/12/20 05:44:08,400: Raichur-SLPR1(MVAR):Analog,-20514042.0,2.09
2014/12/20 05:44:08,SLPR-RACHR1 (MVAR):Analog,-232557504.0,-2.2
2014/12/20 05:44:08,SLPR7:Voltage A:Magnitude,432255.41,-2.09
2014/12/20 05:44:08,SLPR7:Voltage B:Magnitude,433226.31,-2.07
2014/12/20 05:44:08,SLPR7:Voltage C:Magnitude,431488.44,-2.21
2014/12/20 05:44:08,440: Raichur-SLPR1(MVAR):Analog,-20049096.0,2.12
2014/12/20 05:44:08,SLPR-RACHR1 (MVAR):Analog,-232577072.0,-2.2
2014/12/20 05:44:08,SLPR7:Voltage A:Magnitude,432255.75,-2.09
2014/12/20 05:44:08,SLPR7:Voltage B:Magnitude,433225.31,-2.07
2014/12/20 05:44:08,SLPR7:Voltage C:Magnitude,431494.16,-2.2
2014/12/20 05:44:08,480: Raichur-SLPR1(MVAR):Analog,-19701120.0,2.15
2014/12/20 05:44:08,SLPR-RACHR1 (MVAR):Analog,-232609504.0,-2.21
2014/12/20 05:44:08,SLPR7:Voltage A:Magnitude,432242.72,-2.11
2014/12/20 05:44:08,SLPR7:Voltage B:Magnitude,433200.41,-2.1
2014/12/20 05:44:08,SLPR7:Voltage C:Magnitude,431483.12,-2.21
2014/12/20 05:44:08,520: Raichur-SLPR1(MVAR):Analog,-19820244.0,2.14
2014/12/20 05:44:08,SLPR-RACHR1 (MVAR):Analog,-232659360.0,-2.21
2014/12/20 05:44:08,SLPR7:Voltage A:Magnitude,432226.81,-2.13
2014/12/20 05:44:08,SLPR7:Voltage B:Magnitude,433179.19,-2.13
2014/12/20 05:44:08,SLPR7:Voltage C:Magnitude,431456.25,-2.24
2014/12/20 05:44:08,560: Raichur-SLPR1(MVAR):Analog,-19795278.0,2.14
2014/12/20 05:44:08,SLPR-RACHR1 (MVAR):Analog,-232787552.0,-2.22
2014/12/20 05:44:08,SLPR7:Voltage A:Magnitude,432202.62,-2.16
2014/12/20 05:44:08,SLPR7:Voltage B:Magnitude,433160.84,-2.15
2014/12/20 05:44:08,SLPR7:Voltage C:Magnitude,431422.75,-2.28
2014/12/20 05:44:08,600: Raichur-SLPR1(MVAR):Analog,-19724730.0,2.15
2014/12/20 05:44:08,SLPR-RACHR1 (MVAR):Analog,-232928496.0,-2.23
2014/12/20 05:44:08,SLPR7:Voltage A:Magnitude,432185.16,-2.19
2014/12/20 05:44:08,SLPR7:Voltage B:Magnitude,433149.56,-2.16
2014/12/20 05:44:08,SLPR7:Voltage C:Magnitude,431409.25,-2.3
2014/12/20 05:44:08,640: Raichur-SLPR1(MVAR):Analog,-19344924.0,2.17
2014/12/20 05:44:08,SLPR-RACHR1 (MVAR):Analog,-233021952.0,-2.24
2014/12/20 05:44:08,SLPR7:Voltage A:Magnitude,432183.62,-2.19
2014/12/20 05:44:08,SLPR7:Voltage B:Magnitude,433152.81,-2.16
2014/12/20 05:44:08,SLPR7:Voltage C:Magnitude,431413.19,-2.29
2014/12/20 05:44:08,680: Raichur-SLPR1(MVAR):Analog,-19088532.0,2.19
2014/12/20 05:44:08,SLPR-RACHR1 (MVAR):Analog,-233126048.0,-2.25
2014/12/20 05:44:08,SLPR7:Voltage A:Magnitude,432178.09,-2.2
2014/12/20 05:44:08,SLPR7:Voltage B:Magnitude,433151.66,-2.16
2014/12/20 05:44:08,SLPR7:Voltage C:Magnitude,431417.75,-2.29
2014/12/20 05:44:08,720: Raichur-SLPR1(MVAR):Analog,-18859674.0,2.21
2014/12/20 05:44:08,SLPR-RACHR1 (MVAR):Analog,-233229760.0,-2.26
2014/12/20 05:44:08,SLPR7:Voltage A:Magnitude,432171.53,-2.21
2014/12/20 05:44:08,SLPR7:Voltage B:Magnitude,433135.47,-2.18
2014/12/20 05:44:08,SLPR7:Voltage C:Magnitude,431413.78,-2.29
2014/12/20 05:44:08,760: Raichur-SLPR1(MVAR):Analog,-18269982.0,2.25
2014/12/20 05:44:08,SLPR-RACHR1 (MVAR):Analog,-233401120.0,-2.27
2014/12/20 05:44:08,RACHR-SLPR1-7 Vc:Voltage C:Magnitude,442055.56,-2.01
2014/12/20 05:44:08,SLPR7:Voltage A:Magnitude,432162.72,-2.22
2014/12/20 05:44:08,SLPR7:Voltage B:Magnitude,433117.91,-2.2
2014/12/20 05:44:08,SLPR7:Voltage C:Magnitude,431393.81,-2.31
2014/12/20 05:44:08,800: Raichur-SLPR1(MVAR):Analog,-17647782.0,2.29
2014/12/20 05:44:08,SLPR-RACHR1 (MVAR):Analog,-233583712.0,-2.29
2014/12/20 05:44:08,RACHR-SLPR1-7 Vc:Voltage C:Magnitude,442050.84,-2.02
2014/12/20 05:44:08,SLPR7:Voltage A:Magnitude,432149.12,-2.24
2014/12/20 05:44:08,SLPR7:Voltage B:Magnitude,433111.38,-2.21
2014/12/20 05:44:08,SLPR7:Voltage C:Magnitude,431373.22,-2.34
2014/12/20 05:44:08,840: Raichur-SLPR1(MVAR):Analog,-17276802.0,2.32
2014/12/20 05:44:08,SLPR-RACHR1 (MVAR):Analog,-233639344.0,-2.29
2014/12/20 05:44:08,RACHR-SLPR1-7 Vc:Voltage C:Magnitude,442048.88,-2.02
2014/12/20 05:44:08,SLPR7:Voltage A:Magnitude,432148.84,-2.24
2014/12/20 05:44:08,SLPR7:Voltage B:Magnitude,433111.88,-2.21
2014/12/20 05:44:08,SLPR7:Voltage C:Magnitude,431364.5,-2.35
2014/12/20 05:44:08,880: Raichur-SLPR1(MVAR):Analog,-17359392.0,2.31
2014/12/20 05:44:08,SLPR-RACHR1 (MVAR):Analog,-233671968.0,-2.29
2014/12/20 05:44:08,RACHR-SLPR1-7 Vc:Voltage C:Magnitude,442049.91,-2.02
2014/12/20 05:44:08,SLPR7:Voltage A:Magnitude,432153.94,-2.23
2014/12/20 05:44:08,SLPR7:Voltage B:Magnitude,433123.53,-2.2
2014/12/20 05:44:08,SLPR7:Voltage C:Magnitude,431372.38,-2.34
2014/12/20 05:44:08,920: Raichur-SLPR1(MVAR):Analog,-17588022.0,2.3
2014/12/20 05:44:08,SLPR-RACHR1 (MVAR):Analog,-233809696.0,-2.3
2014/12/20 05:44:08,RACHR-SLPR1-7 Vc:Voltage C:Magnitude,442052.44,-2.02
2014/12/20 05:44:08,SLPR7:Voltage A:Magnitude,432138.22,-2.26
2014/12/20 05:44:08,SLPR7:Voltage B:Magnitude,433120.91,-2.2
2014/12/20 05:44:08,SLPR7:Voltage C:Magnitude,431374.5,-2.34
2014/12/20 05:44:08,960: Raichur-SLPR1(MVAR):Analog,-17588298.0,2.3
2014/12/20 05:44:08,SLPR-RACHR1 (MVAR):Analog,-233910992.0,-2.31
2014/12/20 05:44:08,RACHR-SLPR1-7 Vc:Voltage C:Magnitude,442051.66,-2.02
2014/12/20 05:44:08,SLPR7:Voltage A:Magnitude,432115.5,-2.29
2014/12/20 05:44:08,SLPR7:Voltage B:Magnitude,433099.38,-2.23
2014/12/20 05:44:08,SLPR7:Voltage C:Magnitude,431353.62,-2.36
2014/12/20 05:44:09,000: Raichur-SLPR1(MVAR):Analog,-17616654.0,2.3
2014/12/20 05:44:09,SLPR-RACHR1 (MVAR):Analog,-233937936.0,-2.32
2014/12/20 05:44:09,RACHR-SLPR1-7 Vc:Voltage C:Magnitude,442049.0,-2.02
2014/12/20 05:44:09,SLPR7:Voltage A:Magnitude,432116.94,-2.29
2014/12/20 05:44:09,SLPR7:Voltage B:Magnitude,433087.09,-2.24
2014/12/20 05:44:09,SLPR7:Voltage C:Magnitude,431349.44,-2.37
2014/12/20 05:44:09,040: Raichur-SLPR1(MVAR):Analog,-17828832.0,2.28
2014/12/20 05:44:09,SLPR-RACHR1 (MVAR):Analog,-233968224.0,-2.32
2014/12/20 05:44:09,RACHR-SLPR1-7 Vc:Voltage C:Magnitude,442042.06,-2.04
2014/12/20 05:44:09,SLPR7:Voltage A:Magnitude,432122.78,-2.28
2014/12/20 05:44:09,SLPR7:Voltage B:Magnitude,433077.66,-2.25
2014/12/20 05:44:09,SLPR7:Voltage C:Magnitude,431349.97,-2.36
2014/12/20 05:44:09,080: Raichur-SLPR1(MVAR):Analog,-18302778.0,2.25
2014/12/20 05:44:09,SLPR-RACHR1 (MVAR):Analog,-233973168.0,-2.32
2014/12/20 05:44:09,RACHR-SLPR1-7 Vc:Voltage C:Magnitude,442033.88,-2.06
2014/12/20 05:44:09,SLPR7:Voltage A:Magnitude,432123.41,-2.28
2014/12/20 05:44:09,SLPR7:Voltage B:Magnitude,433080.56,-2.25
2014/12/20 05:44:09,SLPR7:Voltage C:Magnitude,431340.34,-2.38
2014/12/20 05:44:09,Raichur-SLPR1(MW):Analog,-192973568.0,-2.0
2014/12/20 05:44:09,120: Raichur-SLPR1(MVAR):Analog,-18499788.0,2.23
2014/12/20 05:44:09,SLPR-RACHR1 (MVAR):Analog,-233960224.0,-2.32
2014/12/20 05:44:09,RACHR-SLPR1-7 Vc:Voltage C:Magnitude,442024.91,-2.08
2014/12/20 05:44:09,SLPR7:Voltage A:Magnitude,432110.97,-2.3
2014/12/20 05:44:09,SLPR7:Voltage B:Magnitude,433084.75,-2.25
2014/12/20 05:44:09,SLPR7:Voltage C:Magnitude,431330.41,-2.39
2014/12/20 05:44:09,Raichur-SLPR1(MW):Analog,-193655600.0,-2.01
2014/12/20 05:44:09,160: Raichur-SLPR1(MVAR):Analog,-18597186.0,2.23
2014/12/20 05:44:09,SLPR-RACHR1 (MVAR):Analog,-234033744.0,-2.32
2014/12/20 05:44:09,RACHR-SLPR1-7 Vc:Voltage C:Magnitude,442014.78,-2.1
2014/12/20 05:44:09,SLPR7:Voltage A:Magnitude,432088.97,-2.33
2014/12/20 05:44:09,SLPR7:Voltage B:Magnitude,433057.09,-2.28
2014/12/20 05:44:09,SLPR7:Voltage C:Magnitude,431312.53,-2.41
2014/12/20 05:44:09,Raichur-SLPR1(MW):Analog,-194479360.0,-2.02
2014/12/20 05:44:09,200: Raichur-SLPR1(MVAR):Analog,-18316848.0,2.25
2014/12/20 05:44:09,SLPR-RACHR1 (MVAR):Analog,-234116384.0,-2.33
2014/12/20 05:44:09,RACHR-SLPR1-7 Vc:Voltage C:Magnitude,442005.06,-2.12
2014/12/20 05:44:09,SLPR7:Voltage A:Magnitude,432085.31,-2.33
2014/12/20 05:44:09,SLPR7:Voltage B:Magnitude,433028.34,-2.32
2014/12/20 05:44:09,SLPR7:Voltage C:Magnitude,431297.09,-2.42
2014/12/20 05:44:09,Raichur-SLPR1(MW):Analog,-195268576.0,-2.03
2014/12/20 05:44:09,240: Raichur-SLPR1(MVAR):Analog,-18103308.0,2.26
2014/12/20 05:44:09,SLPR-RACHR1 (MVAR):Analog,-234096464.0,-2.33
2014/12/20 05:44:09,RACHR-SLPR1-7 Vc:Voltage C:Magnitude,441997.91,-2.14
2014/12/20 05:44:09,SLPR7:Voltage A:Magnitude,432088.03,-2.33
2014/12/20 05:44:09,SLPR7:Voltage B:Magnitude,433024.97,-2.32
2014/12/20 05:44:09,SLPR7:Voltage C:Magnitude,431286.19,-2.44
2014/12/20 05:44:09,Raichur-SLPR1(MW):Analog,-196002016.0,-2.04
2014/12/20 05:44:09,280: Raichur-SLPR1(MVAR):Analog,-17779242.0,2.28
2014/12/20 05:44:09,SLPR-RACHR1 (MVAR):Analog,-234033968.0,-2.32
2014/12/20 05:44:09,RACHR-SLPR1-7 Vc:Voltage C:Magnitude,441994.56,-2.14
2014/12/20 05:44:09,SLPR7:Voltage A:Magnitude,432084.41,-2.34
2014/12/20 05:44:09,SLPR7:Voltage B:Magnitude,433035.09,-2.31
2014/12/20 05:44:09,SLPR7:Voltage C:Magnitude,431285.41,-2.44
2014/12/20 05:44:09,Raichur-SLPR1(MW):Analog,-196458592.0,-2.04
2014/12/20 05:44:09,SLPR-RACHR1 (MW):Analog,197006384.0,2.0
2014/12/20 05:44:09,320: Raichur-SLPR1(MVAR):Analog,-17600358.0,2.3
2014/12/20 05:44:09,SLPR-RACHR1 (MVAR):Analog,-233972640.0,-2.32
2014/12/20 05:44:09,RACHR-SLPR1-7 Vc:Voltage C:Magnitude,441995.94,-2.14
2014/12/20 05:44:09,SLPR7:Voltage A:Magnitude,432082.44,-2.34
2014/12/20 05:44:09,SLPR7:Voltage B:Magnitude,433034.19,-2.31
2014/12/20 05:44:09,SLPR7:Voltage C:Magnitude,431296.91,-2.42
2014/12/20 05:44:09,Raichur-SLPR1(MW):Analog,-196618608.0,-2.05
2014/12/20 05:44:09,SLPR-RACHR1 (MW):Analog,197421552.0,2.01
2014/12/20 05:44:09,360: Raichur-SLPR1(MVAR):Analog,-17254818.0,2.32
2014/12/20 05:44:09,SLPR-RACHR1 (MVAR):Analog,-233906896.0,-2.31
2014/12/20 05:44:09,RACHR-SLPR1-7 Vc:Voltage C:Magnitude,441994.03,-2.14
2014/12/20 05:44:09,SLPR7:Voltage A:Magnitude,432074.84,-2.35
2014/12/20 05:44:09,SLPR7:Voltage B:Magnitude,433028.0,-2.32
2014/12/20 05:44:09,SLPR7:Voltage C:Magnitude,431300.53,-2.42
2014/12/20 05:44:09,Raichur-SLPR1(MW):Analog,-196551760.0,-2.04
2014/12/20 05:44:09,SLPR-RACHR1 (MW):Analog,197725552.0,2.01
2014/12/20 05:44:09,400: Raichur-SLPR1(MVAR):Analog,-16996020.0,2.34
2014/12/20 05:44:09,SLPR-RACHR1 (MVAR):Analog,-233871824.0,-2.31
2014/12/20 05:44:09,RACHR-SLPR1-7 Vc:Voltage C:Magnitude,441986.75,-2.16
2014/12/20 05:44:09,SLPR7:Voltage A:Magnitude,432065.78,-2.36
2014/12/20 05:44:09,SLPR7:Voltage B:Magnitude,433033.38,-2.31
2014/12/20 05:44:09,SLPR7:Voltage C:Magnitude,431299.5,-2.42
2014/12/20 05:44:09,Raichur-SLPR1(MW):Analog,-196403072.0,-2.04
2014/12/20 05:44:09,SLPR-RACHR1 (MW):Analog,198084928.0,2.01
2014/12/20 05:44:09,440: Raichur-SLPR1(MVAR):Analog,-16761798.0,2.36
2014/12/20 05:44:09,SLPR-RACHR1 (MVAR):Analog,-233868560.0,-2.31
2014/12/20 05:44:09,RACHR-SLPR1-7 Vc:Voltage C:Magnitude,441971.56,-2.19
2014/12/20 05:44:09,SLPR7:Voltage A:Magnitude,432058.94,-2.37
2014/12/20 05:44:09,SLPR7:Voltage B:Magnitude,433028.66,-2.31
2014/12/20 05:44:09,SLPR7:Voltage C:Magnitude,431286.72,-2.44
2014/12/20 05:44:09,Raichur-SLPR1(MW):Analog,-196317856.0,-2.04
2014/12/20 05:44:09,SLPR-RACHR1 (MW):Analog,198472688.0,2.02
2014/12/20 05:44:09,480: Raichur-SLPR1(MVAR):Analog,-16605474.0,2.37
2014/12/20 05:44:09,SLPR-RACHR1 (MVAR):Analog,-233799264.0,-2.3
2014/12/20 05:44:09,RACHR-SLPR1-7 Vc:Voltage C:Magnitude,441953.44,-2.23
2014/12/20 05:44:09,SLPR7:Voltage A:Magnitude,432045.84,-2.39
2014/12/20 05:44:09,SLPR7:Voltage B:Magnitude,433006.0,-2.34
2014/12/20 05:44:09,SLPR7:Voltage C:Magnitude,431264.78,-2.46
2014/12/20 05:44:09,Raichur-SLPR1(MW):Analog,-196756816.0,-2.05
2014/12/20 05:44:09,SLPR-RACHR1 (MW):Analog,198819136.0,2.02
2014/12/20 05:44:09,520: Raichur-SLPR1(MVAR):Analog,-16806696.0,2.35
2014/12/20 05:44:09,SLPR-RACHR1 (MVAR):Analog,-233706768.0,-2.3
2014/12/20 05:44:09,RACHR-SLPR1-7 Vc:Voltage C:Magnitude,441937.66,-2.27
2014/12/20 05:44:09,SLPR7:Voltage A:Magnitude,432037.88,-2.4
2014/12/20 05:44:09,SLPR7:Voltage B:Magnitude,432986.44,-2.37
2014/12/20 05:44:09,SLPR7:Voltage C:Magnitude,431253.03,-2.47
2014/12/20 05:44:09,Raichur-SLPR1(MW):Analog,-197634352.0,-2.06
2014/12/20 05:44:09,SLPR-RACHR1 (MW):Analog,199090640.0,2.03
2014/12/20 05:44:09,560: Raichur-SLPR1(MVAR):Analog,-17005764.0,2.34
2014/12/20 05:44:09,SLPR-RACHR1 (MVAR):Analog,-233657376.0,-2.29
2014/12/20 05:44:09,RACHR-SLPR1-7 Vc:Voltage C:Magnitude,441923.91,-2.3
2014/12/20 05:44:09,SLPR7:Voltage A:Magnitude,432033.69,-2.41
2014/12/20 05:44:09,SLPR7:Voltage B:Magnitude,432979.47,-2.38
2014/12/20 05:44:09,SLPR7:Voltage C:Magnitude,431249.31,-2.48
2014/12/20 05:44:09,Raichur-SLPR1(MW):Analog,-198737904.0,-2.07
2014/12/20 05:44:09,SLPR-RACHR1 (MW):Analog,199437776.0,2.03
2014/12/20 05:44:09,600: Raichur-SLPR1(MVAR):Analog,-17418780.0,2.31
2014/12/20 05:44:09,SLPR-RACHR1 (MVAR):Analog,-233583696.0,-2.29
2014/12/20 05:44:09,RACHR-SLPR1-7 Vc:Voltage C:Magnitude,441910.81,-2.33
2014/12/20 05:44:09,SLPR7:Voltage A:Magnitude,432030.34,-2.41
2014/12/20 05:44:09,SLPR7:Voltage B:Magnitude,432976.38,-2.38
2014/12/20 05:44:09,SLPR7:Voltage C:Magnitude,431244.66,-2.48
2014/12/20 05:44:09,Raichur-SLPR1(MW):Analog,-199271456.0,-2.08
2014/12/20 05:44:09,SLPR-RACHR1 (MW):Analog,199860944.0,2.03
2014/12/20 05:44:09,640: Raichur-SLPR1(MVAR):Analog,-17592234.0,2.3
2014/12/20 05:44:09,SLPR-RACHR1 (MVAR):Analog,-233544544.0,-2.28
2014/12/20 05:44:09,RACHR-SLPR1-7 Vc:Voltage C:Magnitude,441897.19,-2.36
2014/12/20 05:44:09,SLPR7:Voltage A:Magnitude,432020.0,-2.43
2014/12/20 05:44:09,SLPR7:Voltage B:Magnitude,432965.09,-2.39
2014/12/20 05:44:09,SLPR7:Voltage C:Magnitude,431228.22,-2.5
2014/12/20 05:44:09,Raichur-SLPR1(MW):Analog,-199191360.0,-2.08
2014/12/20 05:44:09,SLPR-RACHR1 (MW):Analog,200157152.0,2.04
2014/12/20 05:44:09,680: Raichur-SLPR1(MVAR):Analog,-17678820.0,2.29
2014/12/20 05:44:09,SLPR-RACHR1 (MVAR):Analog,-233533744.0,-2.28
2014/12/20 05:44:09,RACHR-SLPR1-7 Va:Voltage A:Magnitude,443217.94,-2.01
2014/12/20 05:44:09,RACHR-SLPR1-7 Vc:Voltage C:Magnitude,441883.47,-2.39
2014/12/20 05:44:09,SLPR7:Voltage A:Magnitude,431999.16,-2.46
2014/12/20 05:44:09,SLPR7:Voltage B:Magnitude,432960.19,-2.4
2014/12/20 05:44:09,SLPR7:Voltage C:Magnitude,431211.19,-2.52
2014/12/20 05:44:09,Raichur-SLPR1(MW):Analog,-198985024.0,-2.07
2014/12/20 05:44:09,SLPR-RACHR1 (MW):Analog,200449296.0,2.04
2014/12/20 05:44:09,720: Raichur-SLPR1(MVAR):Analog,-17606088.0,2.3
2014/12/20 05:44:09,SLPR-RACHR1 (MVAR):Analog,-233534512.0,-2.28
2014/12/20 05:44:09,RACHR-SLPR1-7 Va:Voltage A:Magnitude,443204.44,-2.04
2014/12/20 05:44:09,RACHR-SLPR1-7 Vb:Voltage B:Magnitude,445377.0,-2.01
2014/12/20 05:44:09,RACHR-SLPR1-7 Vc:Voltage C:Magnitude,441872.66,-2.41
2014/12/20 05:44:09,SLPR7:Voltage A:Magnitude,431979.0,-2.49
2014/12/20 05:44:09,SLPR7:Voltage B:Magnitude,432957.66,-2.4
2014/12/20 05:44:09,SLPR7:Voltage C:Magnitude,431206.0,-2.53
2014/12/20 05:44:09,Raichur-SLPR1(MW):Analog,-199105760.0,-2.07
2014/12/20 05:44:09,SLPR-RACHR1 (MW):Analog,200930576.0,2.05
2014/12/20 05:44:09,760: Raichur-SLPR1(MVAR):Analog,-17476542.0,2.31
2014/12/20 05:44:09,SLPR-RACHR1 (MVAR):Analog,-233615680.0,-2.29
2014/12/20 05:44:09,RACHR-SLPR1-7 Va:Voltage A:Magnitude,443196.38,-2.07
2014/12/20 05:44:09,RACHR-SLPR1-7 Vb:Voltage B:Magnitude,445366.19,-2.04
2014/12/20 05:44:09,RACHR-SLPR1-7 Vc:Voltage C:Magnitude,441861.75,-2.44
2014/12/20 05:44:09,SLPR7:Voltage A:Magnitude,431966.44,-2.51
2014/12/20 05:44:09,SLPR7:Voltage B:Magnitude,432931.19,-2.44
2014/12/20 05:44:09,SLPR7:Voltage C:Magnitude,431196.38,-2.54
2014/12/20 05:44:09,Raichur-SLPR1(MW):Analog,-199912192.0,-2.08
2014/12/20 05:44:09,SLPR-RACHR1 (MW):Analog,201607008.0,2.05
2014/12/20 05:44:09,800: Raichur-SLPR1(MVAR):Analog,-17334930.0,2.32
2014/12/20 05:44:09,SLPR-RACHR1 (MVAR):Analog,-233776096.0,-2.3
2014/12/20 05:44:09,RACHR-SLPR1-7 Va:Voltage A:Magnitude,443196.88,-2.06
2014/12/20 05:44:09,RACHR-SLPR1-7 Vb:Voltage B:Magnitude,445357.28,-2.06
2014/12/20 05:44:09,RACHR-SLPR1-7 Vc:Voltage C:Magnitude,441851.97,-2.46
2014/12/20 05:44:09,SLPR7:Voltage A:Magnitude,431964.09,-2.51
2014/12/20 05:44:09,SLPR7:Voltage B:Magnitude,432905.75,-2.47
2014/12/20 05:44:09,SLPR7:Voltage C:Magnitude,431177.53,-2.56
2014/12/20 05:44:09,Raichur-SLPR1(MW):Analog,-200716480.0,-2.09
2014/12/20 05:44:09,SLPR-RACHR1 (MW):Analog,202223488.0,2.06
2014/12/20 05:44:09,840: Raichur-SLPR1(MVAR):Analog,-17149728.0,2.33
2014/12/20 05:44:09,SLPR-RACHR1 (MVAR):Analog,-234025120.0,-2.32
2014/12/20 05:44:09,RACHR-SLPR1-7 Va:Voltage A:Magnitude,443200.97,-2.05
2014/12/20 05:44:09,RACHR-SLPR1-7 Vb:Voltage B:Magnitude,445354.56,-2.06
2014/12/20 05:44:09,RACHR-SLPR1-7 Vc:Voltage C:Magnitude,441842.5,-2.48
2014/12/20 05:44:09,SLPR7:Voltage A:Magnitude,431965.5,-2.51
2014/12/20 05:44:09,SLPR7:Voltage B:Magnitude,432892.62,-2.48
2014/12/20 05:44:09,SLPR7:Voltage C:Magnitude,431153.31,-2.59
2014/12/20 05:44:09,Raichur-SLPR1(MW):Analog,-201513312.0,-2.1
2014/12/20 05:44:09,SLPR-RACHR1 (MW):Analog,202598944.0,2.06
2014/12/20 05:44:09,880: Raichur-SLPR1(MVAR):Analog,-16792890.0,2.36
2014/12/20 05:44:09,SLPR-RACHR1 (MVAR):Analog,-234356176.0,-2.35
2014/12/20 05:44:09,RACHR-SLPR1-7 Va:Voltage A:Magnitude,443201.88,-2.05
2014/12/20 05:44:09,RACHR-SLPR1-7 Vb:Voltage B:Magnitude,445354.62,-2.06
2014/12/20 05:44:09,RACHR-SLPR1-7 Vc:Voltage C:Magnitude,441837.25,-2.49
2014/12/20 05:44:09,SLPR7:Voltage A:Magnitude,431952.34,-2.53
2014/12/20 05:44:09,SLPR7:Voltage B:Magnitude,432882.22,-2.5
2014/12/20 05:44:09,SLPR7:Voltage C:Magnitude,431134.38,-2.61
2014/12/20 05:44:09,Raichur-SLPR1(MW):Analog,-201913248.0,-2.11
2014/12/20 05:44:09,SLPR-RACHR1 (MW):Analog,202987472.0,2.07
2014/12/20 05:44:09,920: Raichur-SLPR1(MVAR):Analog,-16320936.0,2.39
2014/12/20 05:44:09,SLPR-RACHR1 (MVAR):Analog,-234578720.0,-2.37
2014/12/20 05:44:09,RACHR-SLPR1-7 Va:Voltage A:Magnitude,443196.16,-2.07
2014/12/20 05:44:09,RACHR-SLPR1-7 Vb:Voltage B:Magnitude,445358.34,-2.06
2014/12/20 05:44:09,RACHR-SLPR1-7 Vc:Voltage C:Magnitude,441835.5,-2.49
2014/12/20 05:44:09,SLPR7:Voltage A:Magnitude,431931.62,-2.56
2014/12/20 05:44:09,SLPR7:Voltage B:Magnitude,432873.97,-2.51
2014/12/20 05:44:09,SLPR7:Voltage C:Magnitude,431126.16,-2.62
2014/12/20 05:44:09,Raichur-SLPR1(MW):Analog,-202400288.0,-2.11
2014/12/20 05:44:09,SLPR-RACHR1 (MW):Analog,203509824.0,2.08
2014/12/20 05:44:09,960: Raichur-SLPR1(MVAR):Analog,-15707340.0,2.43
2014/12/20 05:44:09,SLPR-RACHR1 (MVAR):Analog,-234678192.0,-2.38
2014/12/20 05:44:09,RACHR-SLPR1-7 Va:Voltage A:Magnitude,443188.0,-2.09
2014/12/20 05:44:09,RACHR-SLPR1-7 Vb:Voltage B:Magnitude,445358.09,-2.06
2014/12/20 05:44:09,RACHR-SLPR1-7 Vc:Voltage C:Magnitude,441835.72,-2.49
2014/12/20 05:44:09,SLPR7:Voltage A:Magnitude,431912.25,-2.58
2014/12/20 05:44:09,SLPR7:Voltage B:Magnitude,432865.19,-2.52
2014/12/20 05:44:09,SLPR7:Voltage C:Magnitude,431114.69,-2.63
2014/12/20 05:44:09,Raichur-SLPR1(MW):Analog,-203040864.0,-2.12
2014/12/20 05:44:09,SLPR-RACHR1 (MW):Analog,204141024.0,2.08
2014/12/20 05:44:10,000: Raichur-SLPR1(MVAR):Analog,-15254298.0,2.46
2014/12/20 05:44:10,SLPR-RACHR1 (MVAR):Analog,-234790992.0,-2.38
2014/12/20 05:44:10,RACHR-SLPR1-7 Va:Voltage A:Magnitude,443182.75,-2.1
2014/12/20 05:44:10,RACHR-SLPR1-7 Vb:Voltage B:Magnitude,445360.25,-2.05
2014/12/20 05:44:10,RACHR-SLPR1-7 Vc:Voltage C:Magnitude,441835.25,-2.49
2014/12/20 05:44:10,SLPR7:Voltage A:Magnitude,431898.56,-2.6
2014/12/20 05:44:10,SLPR7:Voltage B:Magnitude,432863.62,-2.52
2014/12/20 05:44:10,SLPR7:Voltage C:Magnitude,431105.56,-2.64
2014/12/20 05:44:10,Raichur-SLPR1(MW):Analog,-203531712.0,-2.13
2014/12/20 05:44:10,SLPR-RACHR1 (MW):Analog,204789456.0,2.09
2014/12/20 05:44:10,040: Raichur-SLPR1(MVAR):Analog,-14982192.0,2.48
2014/12/20 05:44:10,SLPR-RACHR1 (MVAR):Analog,-234873296.0,-2.39
2014/12/20 05:44:10,RACHR-SLPR1-7 Va:Voltage A:Magnitude,443184.44,-2.1
2014/12/20 05:44:10,RACHR-SLPR1-7 Vb:Voltage B:Magnitude,445359.19,-2.05
2014/12/20 05:44:10,RACHR-SLPR1-7 Vc:Voltage C:Magnitude,441835.62,-2.49
2014/12/20 05:44:10,SLPR7:Voltage A:Magnitude,431900.28,-2.6
2014/12/20 05:44:10,SLPR7:Voltage B:Magnitude,432859.41,-2.53
2014/12/20 05:44:10,SLPR7:Voltage C:Magnitude,431101.5,-2.65
2014/12/20 05:44:10,Raichur-SLPR1(MW):Analog,-204243216.0,-2.14
2014/12/20 05:44:10,SLPR-RACHR1 (MW):Analog,205408976.0,2.1
2014/12/20 05:44:10,080: Raichur-SLPR1(MVAR):Analog,-14749080.0,2.5
2014/12/20 05:44:10,SLPR-RACHR1 (MVAR):Analog,-234983952.0,-2.4
2014/12/20 05:44:10,RACHR-SLPR1-7 Va:Voltage A:Magnitude,443186.38,-2.09
2014/12/20 05:44:10,RACHR-SLPR1-7 Vb:Voltage B:Magnitude,445359.66,-2.05
2014/12/20 05:44:10,RACHR-SLPR1-7 Vc:Voltage C:Magnitude,441835.03,-2.5
2014/12/20 05:44:10,SLPR7:Voltage A:Magnitude,431906.12,-2.59
2014/12/20 05:44:10,SLPR7:Voltage B:Magnitude,432856.34,-2.53
2014/12/20 05:44:10,SLPR7:Voltage C:Magnitude,431102.28,-2.65
2014/12/20 05:44:10,Raichur-SLPR1(MW):Analog,-204936624.0,-2.14
2014/12/20 05:44:10,SLPR-RACHR1 (MW):Analog,206021600.0,2.1
2014/12/20 05:44:10,120: Raichur-SLPR1(MVAR):Analog,-14913066.0,2.49
2014/12/20 05:44:10,SLPR-RACHR1 (MVAR):Analog,-235163200.0,-2.41
2014/12/20 05:44:10,RACHR-SLPR1-7 Va:Voltage A:Magnitude,443185.28,-2.1
2014/12/20 05:44:10,RACHR-SLPR1-7 Vb:Voltage B:Magnitude,445356.81,-2.06
2014/12/20 05:44:10,RACHR-SLPR1-7 Vc:Voltage C:Magnitude,441834.97,-2.5
2014/12/20 05:44:10,SLPR7:Voltage A:Magnitude,431897.62,-2.61
2014/12/20 05:44:10,SLPR7:Voltage B:Magnitude,432844.38,-2.54
2014/12/20 05:44:10,SLPR7:Voltage C:Magnitude,431092.88,-2.66
2014/12/20 05:44:10,Raichur-SLPR1(MW):Analog,-206095824.0,-2.16
2014/12/20 05:44:10,SLPR-RACHR1 (MW):Analog,206514160.0,2.11
2014/12/20 05:44:10,160: Raichur-SLPR1(MVAR):Analog,-15155478.0,2.47
2014/12/20 05:44:10,SLPR-RACHR1 (MVAR):Analog,-235324032.0,-2.43
2014/12/20 05:44:10,RACHR-SLPR1-7 Va:Voltage A:Magnitude,443183.16,-2.1
2014/12/20 05:44:10,RACHR-SLPR1-7 Vb:Voltage B:Magnitude,445351.5,-2.07
2014/12/20 05:44:10,RACHR-SLPR1-7 Vc:Voltage C:Magnitude,441831.41,-2.5
2014/12/20 05:44:10,SLPR7:Voltage A:Magnitude,431876.62,-2.64
2014/12/20 05:44:10,SLPR7:Voltage B:Magnitude,432818.97,-2.58
2014/12/20 05:44:10,SLPR7:Voltage C:Magnitude,431067.06,-2.69
2014/12/20 05:44:10,Raichur-SLPR1(MW):Analog,-206824512.0,-2.17
2014/12/20 05:44:10,SLPR-RACHR1 (MW):Analog,206869696.0,2.11
2014/12/20 05:44:10,200: Raichur-SLPR1(MVAR):Analog,-15993912.0,2.41
2014/12/20 05:44:10,SLPR-RACHR1 (MVAR):Analog,-235405152.0,-2.43
2014/12/20 05:44:10,RACHR-SLPR1-7 Va:Voltage A:Magnitude,443180.75,-2.11
2014/12/20 05:44:10,RACHR-SLPR1-7 Vb:Voltage B:Magnitude,445347.94,-2.08
2014/12/20 05:44:10,RACHR-SLPR1-7 Vc:Voltage C:Magnitude,441831.84,-2.5
2014/12/20 05:44:10,SLPR7:Voltage A:Magnitude,431865.88,-2.65
2014/12/20 05:44:10,SLPR7:Voltage B:Magnitude,432804.91,-2.59
2014/12/20 05:44:10,SLPR7:Voltage C:Magnitude,431057.66,-2.7
2014/12/20 05:44:10,Raichur-SLPR1(MW):Analog,-207067360.0,-2.17
2014/12/20 05:44:10,SLPR-RACHR1 (MW):Analog,207052784.0,2.12
2014/12/20 05:44:10,240: Raichur-SLPR1(MVAR):Analog,-16379874.0,2.38
2014/12/20 05:44:10,SLPR-RACHR1 (MVAR):Analog,-235396480.0,-2.43
2014/12/20 05:44:10,RACHR-SLPR1-7 Va:Voltage A:Magnitude,443181.47,-2.11
2014/12/20 05:44:10,RACHR-SLPR1-7 Vb:Voltage B:Magnitude,445346.97,-2.08
2014/12/20 05:44:10,RACHR-SLPR1-7 Vc:Voltage C:Magnitude,441834.25,-2.5
2014/12/20 05:44:10,SLPR7:Voltage A:Magnitude,431870.47,-2.64
2014/12/20 05:44:10,SLPR7:Voltage B:Magnitude,432804.66,-2.59
2014/12/20 05:44:10,SLPR7:Voltage C:Magnitude,431064.19,-2.69
2014/12/20 05:44:10,Raichur-SLPR1(MW):Analog,-206675104.0,-2.16
2014/12/20 05:44:10,SLPR-RACHR1 (MW):Analog,207179712.0,2.12
2014/12/20 05:44:10,280: Raichur-SLPR1(MVAR):Analog,-16837254.0,2.35
2014/12/20 05:44:10,SLPR-RACHR1 (MVAR):Analog,-235352816.0,-2.43
2014/12/20 05:44:10,RACHR-SLPR1-7 Va:Voltage A:Magnitude,443183.75,-2.1
2014/12/20 05:44:10,RACHR-SLPR1-7 Vb:Voltage B:Magnitude,445353.25,-2.07
2014/12/20 05:44:10,RACHR-SLPR1-7 Vc:Voltage C:Magnitude,441841.41,-2.48
2014/12/20 05:44:10,SLPR7:Voltage A:Magnitude,431880.12,-2.63
2014/12/20 05:44:10,SLPR7:Voltage B:Magnitude,432821.06,-2.57
2014/12/20 05:44:10,SLPR7:Voltage C:Magnitude,431074.44,-2.68
2014/12/20 05:44:10,Raichur-SLPR1(MW):Analog,-206348384.0,-2.16
2014/12/20 05:44:10,SLPR-RACHR1 (MW):Analog,207373280.0,2.12
2014/12/20 05:44:10,320: Raichur-SLPR1(MVAR):Analog,-16815912.0,2.35
2014/12/20 05:44:10,SLPR-RACHR1 (MVAR):Analog,-235323440.0,-2.43
2014/12/20 05:44:10,RACHR-SLPR1-7 Va:Voltage A:Magnitude,443187.84,-2.09
2014/12/20 05:44:10,RACHR-SLPR1-7 Vb:Voltage B:Magnitude,445361.72,-2.05
2014/12/20 05:44:10,RACHR-SLPR1-7 Vc:Voltage C:Magnitude,441849.91,-2.46
2014/12/20 05:44:10,SLPR7:Voltage A:Magnitude,431881.19,-2.63
2014/12/20 05:44:10,SLPR7:Voltage B:Magnitude,432836.88,-2.55
2014/12/20 05:44:10,SLPR7:Voltage C:Magnitude,431083.78,-2.67
2014/12/20 05:44:10,Raichur-SLPR1(MW):Analog,-206223648.0,-2.16
2014/12/20 05:44:10,SLPR-RACHR1 (MW):Analog,207433008.0,2.12
2014/12/20 05:44:10,360: Raichur-SLPR1(MVAR):Analog,-16768614.0,2.36
2014/12/20 05:44:10,SLPR-RACHR1 (MVAR):Analog,-235277568.0,-2.42
2014/12/20 05:44:10,RACHR-SLPR1-7 Va:Voltage A:Magnitude,443193.0,-2.08
2014/12/20 05:44:10,RACHR-SLPR1-7 Vb:Voltage B:Magnitude,445370.59,-2.03
2014/12/20 05:44:10,RACHR-SLPR1-7 Vc:Voltage C:Magnitude,441855.91,-2.45
2014/12/20 05:44:10,SLPR7:Voltage A:Magnitude,431888.16,-2.62
2014/12/20 05:44:10,SLPR7:Voltage B:Magnitude,432849.12,-2.54
2014/12/20 05:44:10,SLPR7:Voltage C:Magnitude,431094.88,-2.65
2014/12/20 05:44:10,Raichur-SLPR1(MW):Analog,-206133792.0,-2.16
2014/12/20 05:44:10,SLPR-RACHR1 (MW):Analog,207368464.0,2.12
2014/12/20 05:44:10,400: Raichur-SLPR1(MVAR):Analog,-16421634.0,2.38
2014/12/20 05:44:10,SLPR-RACHR1 (MVAR):Analog,-235238336.0,-2.42
2014/12/20 05:44:10,RACHR-SLPR1-7 Va:Voltage A:Magnitude,443203.38,-2.05
2014/12/20 05:44:10,RACHR-SLPR1-7 Vb:Voltage B:Magnitude,445378.38,-2.01
2014/12/20 05:44:10,RACHR-SLPR1-7 Vc:Voltage C:Magnitude,441860.84,-2.44
2014/12/20 05:44:10,SLPR7:Voltage A:Magnitude,431905.53,-2.59
2014/12/20 05:44:10,SLPR7:Voltage B:Magnitude,432862.12,-2.52
2014/12/20 05:44:10,SLPR7:Voltage C:Magnitude,431107.91,-2.64
2014/12/20 05:44:10,Raichur-SLPR1(MW):Analog,-205838912.0,-2.15
2014/12/20 05:44:10,SLPR-RACHR1 (MW):Analog,207264656.0,2.12
2014/12/20 05:44:10,440: Raichur-SLPR1(MVAR):Analog,-15747366.0,2.43
2014/12/20 05:44:10,SLPR-RACHR1 (MVAR):Analog,-235304512.0,-2.43
2014/12/20 05:44:10,RACHR-SLPR1-7 Va:Voltage A:Magnitude,443215.84,-2.01
2014/12/20 05:44:10,RACHR-SLPR1-7 Vc:Voltage C:Magnitude,441864.34,-2.43
2014/12/20 05:44:10,SLPR7:Voltage A:Magnitude,431918.28,-2.58
2014/12/20 05:44:10,SLPR7:Voltage B:Magnitude,432861.88,-2.52
2014/12/20 05:44:10,SLPR7:Voltage C:Magnitude,431106.75,-2.64
2014/12/20 05:44:10,Raichur-SLPR1(MW):Analog,-205389168.0,-2.15
2014/12/20 05:44:10,SLPR-RACHR1 (MW):Analog,207006464.0,2.11
2014/12/20 05:44:10,480: Raichur-SLPR1(MVAR):Analog,-15382002.0,2.46
2014/12/20 05:44:10,SLPR-RACHR1 (MVAR):Analog,-235334400.0,-2.43
2014/12/20 05:44:10,RACHR-SLPR1-7 Vc:Voltage C:Magnitude,441873.16,-2.41
2014/12/20 05:44:10,SLPR7:Voltage A:Magnitude,431935.03,-2.55
2014/12/20 05:44:10,SLPR7:Voltage B:Magnitude,432867.72,-2.52
2014/12/20 05:44:10,SLPR7:Voltage C:Magnitude,431117.0,-2.63
2014/12/20 05:44:10,Raichur-SLPR1(MW):Analog,-205178080.0,-2.15
2014/12/20 05:44:10,SLPR-RACHR1 (MW):Analog,206557152.0,2.11
2014/12/20 05:44:10,520: Raichur-SLPR1(MVAR):Analog,-15402804.0,2.45
2014/12/20 05:44:10,SLPR-RACHR1 (MVAR):Analog,-235241232.0,-2.42
2014/12/20 05:44:10,RACHR-SLPR1-7 Vc:Voltage C:Magnitude,441885.69,-2.38
2014/12/20 05:44:10,SLPR7:Voltage A:Magnitude,431941.72,-2.54
2014/12/20 05:44:10,SLPR7:Voltage B:Magnitude,432881.03,-2.5
2014/12/20 05:44:10,SLPR7:Voltage C:Magnitude,431135.72,-2.61
2014/12/20 05:44:10,Raichur-SLPR1(MW):Analog,-205145792.0,-2.15
2014/12/20 05:44:10,SLPR-RACHR1 (MW):Analog,206151360.0,2.11
2014/12/20 05:44:10,560: Raichur-SLPR1(MVAR):Analog,-15726012.0,2.43
2014/12/20 05:44:10,SLPR-RACHR1 (MVAR):Analog,-235235120.0,-2.42
2014/12/20 05:44:10,RACHR-SLPR1-7 Vc:Voltage C:Magnitude,441897.09,-2.36
2014/12/20 05:44:10,SLPR7:Voltage A:Magnitude,431939.81,-2.54
2014/12/20 05:44:10,SLPR7:Voltage B:Magnitude,432893.0,-2.48
2014/12/20 05:44:10,SLPR7:Voltage C:Magnitude,431144.78,-2.6
2014/12/20 05:44:10,Raichur-SLPR1(MW):Analog,-205122480.0,-2.15
2014/12/20 05:44:10,SLPR-RACHR1 (MW):Analog,205850272.0,2.1
2014/12/20 05:44:10,600: Raichur-SLPR1(MVAR):Analog,-16038504.0,2.41
2014/12/20 05:44:10,SLPR-RACHR1 (MVAR):Analog,-235290256.0,-2.42
2014/12/20 05:44:10,RACHR-SLPR1-7 Vc:Voltage C:Magnitude,441906.5,-2.34
2014/12/20 05:44:10,SLPR7:Voltage A:Magnitude,431954.81,-2.52
2014/12/20 05:44:10,SLPR7:Voltage B:Magnitude,432907.88,-2.47
2014/12/20 05:44:10,SLPR7:Voltage C:Magnitude,431155.25,-2.59
2014/12/20 05:44:10,Raichur-SLPR1(MW):Analog,-204674624.0,-2.14
2014/12/20 05:44:10,SLPR-RACHR1 (MW):Analog,205312624.0,2.1
2014/12/20 05:44:10,640: Raichur-SLPR1(MVAR):Analog,-16060866.0,2.41
2014/12/20 05:44:10,SLPR-RACHR1 (MVAR):Analog,-235204720.0,-2.42
2014/12/20 05:44:10,RACHR-SLPR1-7 Vc:Voltage C:Magnitude,441911.31,-2.33
2014/12/20 05:44:10,SLPR7:Voltage A:Magnitude,431969.81,-2.5
2014/12/20 05:44:10,SLPR7:Voltage B:Magnitude,432923.06,-2.45
2014/12/20 05:44:10,SLPR7:Voltage C:Magnitude,431164.66,-2.57
2014/12/20 05:44:10,Raichur-SLPR1(MW):Analog,-203823200.0,-2.13
2014/12/20 05:44:10,SLPR-RACHR1 (MW):Analog,204602464.0,2.09
2014/12/20 05:44:10,680: Raichur-SLPR1(MVAR):Analog,-15761112.0,2.43
2014/12/20 05:44:10,SLPR-RACHR1 (MVAR):Analog,-235103328.0,-2.41
2014/12/20 05:44:10,RACHR-SLPR1-7 Vc:Voltage C:Magnitude,441917.94,-2.31
2014/12/20 05:44:10,SLPR7:Voltage A:Magnitude,431977.41,-2.49
2014/12/20 05:44:10,SLPR7:Voltage B:Magnitude,432937.59,-2.43
2014/12/20 05:44:10,SLPR7:Voltage C:Magnitude,431177.53,-2.56
2014/12/20 05:44:10,Raichur-SLPR1(MW):Analog,-202893456.0,-2.12
2014/12/20 05:44:10,SLPR-RACHR1 (MW):Analog,204071840.0,2.08
2014/12/20 05:44:10,720: Raichur-SLPR1(MVAR):Analog,-15567642.0,2.44
2014/12/20 05:44:10,SLPR-RACHR1 (MVAR):Analog,-235029696.0,-2.4
2014/12/20 05:44:10,RACHR-SLPR1-7 Vc:Voltage C:Magnitude,441924.47,-2.3
2014/12/20 05:44:10,SLPR7:Voltage A:Magnitude,431978.88,-2.49
2014/12/20 05:44:10,SLPR7:Voltage B:Magnitude,432938.97,-2.43
2014/12/20 05:44:10,SLPR7:Voltage C:Magnitude,431191.56,-2.54
2014/12/20 05:44:10,Raichur-SLPR1(MW):Analog,-202063520.0,-2.11
2014/12/20 05:44:10,SLPR-RACHR1 (MW):Analog,203569760.0,2.08
2014/12/20 05:44:10,760: Raichur-SLPR1(MVAR):Analog,-15456774.0,2.45
2014/12/20 05:44:10,SLPR-RACHR1 (MVAR):Analog,-234942512.0,-2.4
2014/12/20 05:44:10,RACHR-SLPR1-7 Vc:Voltage C:Magnitude,441929.97,-2.29
2014/12/20 05:44:10,SLPR7:Voltage A:Magnitude,431975.44,-2.49
2014/12/20 05:44:10,SLPR7:Voltage B:Magnitude,432936.91,-2.43
2014/12/20 05:44:10,SLPR7:Voltage C:Magnitude,431195.69,-2.54
2014/12/20 05:44:10,Raichur-SLPR1(MW):Analog,-201685776.0,-2.11
2014/12/20 05:44:10,SLPR-RACHR1 (MW):Analog,203072112.0,2.07
2014/12/20 05:44:10,800: Raichur-SLPR1(MVAR):Analog,-15926652.0,2.42
2014/12/20 05:44:10,SLPR-RACHR1 (MVAR):Analog,-234901024.0,-2.39
2014/12/20 05:44:10,RACHR-SLPR1-7 Vc:Voltage C:Magnitude,441935.94,-2.27
2014/12/20 05:44:10,SLPR7:Voltage A:Magnitude,431979.47,-2.49
2014/12/20 05:44:10,SLPR7:Voltage B:Magnitude,432940.62,-2.42
2014/12/20 05:44:10,SLPR7:Voltage C:Magnitude,431199.19,-2.54
2014/12/20 05:44:10,Raichur-SLPR1(MW):Analog,-201263968.0,-2.1
2014/12/20 05:44:10,SLPR-RACHR1 (MW):Analog,202546336.0,2.06
2014/12/20 05:44:10,840: Raichur-SLPR1(MVAR):Analog,-16106406.0,2.4
2014/12/20 05:44:10,SLPR-RACHR1 (MVAR):Analog,-234895456.0,-2.39
2014/12/20 05:44:10,RACHR-SLPR1-7 Vc:Voltage C:Magnitude,441942.56,-2.26
2014/12/20 05:44:10,SLPR7:Voltage A:Magnitude,431982.31,-2.48
2014/12/20 05:44:10,SLPR7:Voltage B:Magnitude,432943.59,-2.42
2014/12/20 05:44:10,SLPR7:Voltage C:Magnitude,431205.91,-2.53
2014/12/20 05:44:10,Raichur-SLPR1(MW):Analog,-200672816.0,-2.09
2014/12/20 05:44:10,SLPR-RACHR1 (MW):Analog,201892000.0,2.06
2014/12/20 05:44:10,880: Raichur-SLPR1(MVAR):Analog,-16477044.0,2.38
2014/12/20 05:44:10,SLPR-RACHR1 (MVAR):Analog,-234916720.0,-2.39
2014/12/20 05:44:10,RACHR-SLPR1-7 Vc:Voltage C:Magnitude,441951.94,-2.24
2014/12/20 05:44:10,SLPR7:Voltage A:Magnitude,431986.19,-2.48
2014/12/20 05:44:10,SLPR7:Voltage B:Magnitude,432949.66,-2.41
2014/12/20 05:44:10,SLPR7:Voltage C:Magnitude,431213.09,-2.52
2014/12/20 05:44:10,Raichur-SLPR1(MW):Analog,-199728128.0,-2.08
2014/12/20 05:44:10,SLPR-RACHR1 (MW):Analog,201229456.0,2.05
2014/12/20 05:44:10,920: Raichur-SLPR1(MVAR):Analog,-16312614.0,2.39
2014/12/20 05:44:10,SLPR-RACHR1 (MVAR):Analog,-234945104.0,-2.4
2014/12/20 05:44:10,RACHR-SLPR1-7 Vc:Voltage C:Magnitude,441961.91,-2.22
2014/12/20 05:44:10,SLPR7:Voltage A:Magnitude,432000.69,-2.46
2014/12/20 05:44:10,SLPR7:Voltage B:Magnitude,432959.19,-2.4
2014/12/20 05:44:10,SLPR7:Voltage C:Magnitude,431219.19,-2.51
2014/12/20 05:44:10,Raichur-SLPR1(MW):Analog,-198627680.0,-2.07
2014/12/20 05:44:10,SLPR-RACHR1 (MW):Analog,200556592.0,2.04
2014/12/20 05:44:10,960: Raichur-SLPR1(MVAR):Analog,-16608852.0,2.37
2014/12/20 05:44:10,SLPR-RACHR1 (MVAR):Analog,-234919776.0,-2.39
2014/12/20 05:44:10,RACHR-SLPR1-7 Vc:Voltage C:Magnitude,441969.72,-2.2
2014/12/20 05:44:10,SLPR7:Voltage A:Magnitude,432022.53,-2.42
2014/12/20 05:44:10,SLPR7:Voltage B:Magnitude,432973.41,-2.38
2014/12/20 05:44:10,SLPR7:Voltage C:Magnitude,431228.97,-2.5
2014/12/20 05:44:10,Raichur-SLPR1(MW):Analog,-197987776.0,-2.06
2014/12/20 05:44:10,SLPR-RACHR1 (MW):Analog,199846144.0,2.03
2014/12/20 05:44:11,000: Raichur-SLPR1(MVAR):Analog,-16752594.0,2.36
2014/12/20 05:44:11,SLPR-RACHR1 (MVAR):Analog,-234836656.0,-2.39
2014/12/20 05:44:11,RACHR-SLPR1-7 Vc:Voltage C:Magnitude,441976.88,-2.18
2014/12/20 05:44:11,SLPR7:Voltage A:Magnitude,432039.31,-2.4
2014/12/20 05:44:11,SLPR7:Voltage B:Magnitude,432990.94,-2.36
2014/12/20 05:44:11,SLPR7:Voltage C:Magnitude,431243.44,-2.49
2014/12/20 05:44:11,Raichur-SLPR1(MW):Analog,-197711696.0,-2.06
2014/12/20 05:44:11,SLPR-RACHR1 (MW):Analog,199214768.0,2.03
2014/12/20 05:44:11,040: Raichur-SLPR1(MVAR):Analog,-17077200.0,2.33
2014/12/20 05:44:11,SLPR-RACHR1 (MVAR):Analog,-234768368.0,-2.38
2014/12/20 05:44:11,RACHR-SLPR1-7 Vc:Voltage C:Magnitude,441983.09,-2.17
2014/12/20 05:44:11,SLPR7:Voltage A:Magnitude,432040.28,-2.4
2014/12/20 05:44:11,SLPR7:Voltage B:Magnitude,432993.5,-2.36
2014/12/20 05:44:11,SLPR7:Voltage C:Magnitude,431250.06,-2.48
2014/12/20 05:44:11,Raichur-SLPR1(MW):Analog,-197460416.0,-2.06
2014/12/20 05:44:11,SLPR-RACHR1 (MW):Analog,198657600.0,2.02
2014/12/20 05:44:11,080: Raichur-SLPR1(MVAR):Analog,-17250582.0,2.32
2014/12/20 05:44:11,SLPR-RACHR1 (MVAR):Analog,-234656208.0,-2.37
2014/12/20 05:44:11,RACHR-SLPR1-7 Vc:Voltage C:Magnitude,441991.91,-2.15
2014/12/20 05:44:11,SLPR7:Voltage A:Magnitude,432044.25,-2.39
2014/12/20 05:44:11,SLPR7:Voltage B:Magnitude,432998.66,-2.35
2014/12/20 05:44:11,SLPR7:Voltage C:Magnitude,431261.53,-2.46
2014/12/20 05:44:11,Raichur-SLPR1(MW):Analog,-197072160.0,-2.05
2014/12/20 05:44:11,SLPR-RACHR1 (MW):Analog,198057760.0,2.01
2014/12/20 05:44:11,120: Raichur-SLPR1(MVAR):Analog,-17457212.0,2.31
2014/12/20 05:44:11,SLPR-RACHR1 (MVAR):Analog,-234451248.0,-2.36
2014/12/20 05:44:11,RACHR-SLPR1-7 Vc:Voltage C:Magnitude,442001.88,-2.13
2014/12/20 05:44:11,SLPR7:Voltage A:Magnitude,432052.56,-2.38
2014/12/20 05:44:11,SLPR7:Voltage B:Magnitude,433017.53,-2.33
2014/12/20 05:44:11,SLPR7:Voltage C:Magnitude,431278.59,-2.45
2014/12/20 05:44:11,Raichur-SLPR1(MW):Analog,-196396432.0,-2.04
2014/12/20 05:44:11,SLPR-RACHR1 (MW):Analog,197500880.0,2.01
2014/12/20 05:44:11,160: Raichur-SLPR1(MVAR):Analog,-17630216.0,2.3
2014/12/20 05:44:11,SLPR-RACHR1 (MVAR):Analog,-234227440.0,-2.34
2014/12/20 05:44:11,RACHR-SLPR1-7 Vc:Voltage C:Magnitude,442013.0,-2.1
2014/12/20 05:44:11,SLPR7:Voltage A:Magnitude,432071.94,-2.35
2014/12/20 05:44:11,SLPR7:Voltage B:Magnitude,433040.62,-2.3
2014/12/20 05:44:11,SLPR7:Voltage C:Magnitude,431296.59,-2.43
2014/12/20 05:44:11,Raichur-SLPR1(MW):Analog,-195810000.0,-2.04
2014/12/20 05:44:11,SLPR-RACHR1 (MW):Analog,197058032.0,2.0
2014/12/20 05:44:11,200: Raichur-SLPR1(MVAR):Analog,-17564372.0,2.3
2014/12/20 05:44:11,SLPR-RACHR1 (MVAR):Analog,-234060816.0,-2.33
2014/12/20 05:44:11,RACHR-SLPR1-7 Vc:Voltage C:Magnitude,442025.44,-2.08
2014/12/20 05:44:11,SLPR7:Voltage A:Magnitude,432092.0,-2.32
2014/12/20 05:44:11,SLPR7:Voltage B:Magnitude,433066.69,-2.27
2014/12/20 05:44:11,SLPR7:Voltage C:Magnitude,431317.31,-2.4
2014/12/20 05:44:11,Raichur-SLPR1(MW):Analog,-194982640.0,-2.03
2014/12/20 05:44:11,240: Raichur-SLPR1(MVAR):Analog,-17247080.0,2.32
2014/12/20 05:44:11,SLPR-RACHR1 (MVAR):Analog,-233937488.0,-2.32
2014/12/20 05:44:11,RACHR-SLPR1-7 Vc:Voltage C:Magnitude,442038.47,-2.05
2014/12/20 05:44:11,SLPR7:Voltage A:Magnitude,432098.75,-2.31
2014/12/20 05:44:11,SLPR7:Voltage B:Magnitude,433090.41,-2.24
2014/12/20 05:44:11,SLPR7:Voltage C:Magnitude,431335.03,-2.38
2014/12/20 05:44:11,Raichur-SLPR1(MW):Analog,-194264480.0,-2.02
2014/12/20 05:44:11,280: Raichur-SLPR1(MVAR):Analog,-17035972.0,2.34
2014/12/20 05:44:11,SLPR-RACHR1 (MVAR):Analog,-233782816.0,-2.3
2014/12/20 05:44:11,RACHR-SLPR1-7 Vc:Voltage C:Magnitude,442054.28,-2.01
2014/12/20 05:44:11,SLPR7:Voltage A:Magnitude,432118.0,-2.29
2014/12/20 05:44:11,SLPR7:Voltage B:Magnitude,433119.78,-2.2
2014/12/20 05:44:11,SLPR7:Voltage C:Magnitude,431357.59,-2.36
2014/12/20 05:44:11,Raichur-SLPR1(MW):Analog,-193293088.0,-2.01
2014/12/20 05:44:11,320: Raichur-SLPR1(MVAR):Analog,-17037012.0,2.34
2014/12/20 05:44:11,SLPR-RACHR1 (MVAR):Analog,-233619632.0,-2.29
2014/12/20 05:44:11,SLPR7:Voltage A:Magnitude,432162.97,-2.22
2014/12/20 05:44:11,SLPR7:Voltage B:Magnitude,433156.41,-2.16
2014/12/20 05:44:11,SLPR7:Voltage C:Magnitude,431386.62,-2.32
2014/12/20 05:44:11,Raichur-SLPR1(MW):Analog,-192784016.0,-2.0
2014/12/20 05:44:11,360: Raichur-SLPR1(MVAR):Analog,-17511952.0,2.3
2014/12/20 05:44:11,SLPR-RACHR1 (MVAR):Analog,-233513888.0,-2.28
2014/12/20 05:44:11,SLPR7:Voltage A:Magnitude,432205.62,-2.16
2014/12/20 05:44:11,SLPR7:Voltage B:Magnitude,433195.72,-2.11
2014/12/20 05:44:11,SLPR7:Voltage C:Magnitude,431422.47,-2.28
2014/12/20 05:44:11,400: Raichur-SLPR1(MVAR):Analog,-17817432.0,2.28
2014/12/20 05:44:11,SLPR-RACHR1 (MVAR):Analog,-233355408.0,-2.27
2014/12/20 05:44:11,SLPR7:Voltage A:Magnitude,432231.22,-2.12
2014/12/20 05:44:11,SLPR7:Voltage B:Magnitude,433220.41,-2.08
2014/12/20 05:44:11,SLPR7:Voltage C:Magnitude,431457.59,-2.24
2014/12/20 05:44:11,440: Raichur-SLPR1(MVAR):Analog,-17965784.0,2.27
2014/12/20 05:44:11,SLPR-RACHR1 (MVAR):Analog,-233179824.0,-2.25
2014/12/20 05:44:11,SLPR7:Voltage A:Magnitude,432248.41,-2.1
2014/12/20 05:44:11,SLPR7:Voltage B:Magnitude,433227.72,-2.07
2014/12/20 05:44:11,SLPR7:Voltage C:Magnitude,431478.62,-2.22
2014/12/20 05:44:11,480: Raichur-SLPR1(MVAR):Analog,-17795368.0,2.28
2014/12/20 05:44:11,SLPR-RACHR1 (MVAR):Analog,-233130592.0,-2.25
2014/12/20 05:44:11,SLPR7:Voltage A:Magnitude,432261.91,-2.08
2014/12/20 05:44:11,SLPR7:Voltage B:Magnitude,433246.91,-2.04
2014/12/20 05:44:11,SLPR7:Voltage C:Magnitude,431498.62,-2.2
2014/12/20 05:44:11,520: Raichur-SLPR1(MVAR):Analog,-18136668.0,2.26
2014/12/20 05:44:11,SLPR-RACHR1 (MVAR):Analog,-233102864.0,-2.25
2014/12/20 05:44:11,SLPR7:Voltage A:Magnitude,432275.09,-2.06
2014/12/20 05:44:11,SLPR7:Voltage B:Magnitude,433273.78,-2.01
2014/12/20 05:44:11,SLPR7:Voltage C:Magnitude,431526.75,-2.16
2014/12/20 05:44:11,560: Raichur-SLPR1(MVAR):Analog,-18884324.0,2.21
2014/12/20 05:44:11,SLPR-RACHR1 (MVAR):Analog,-232964448.0,-2.24
2014/12/20 05:44:11,SLPR7:Voltage A:Magnitude,432294.09,-2.03
2014/12/20 05:44:11,SLPR7:Voltage C:Magnitude,431551.03,-2.14
2014/12/20 05:44:11,600: Raichur-SLPR1(MVAR):Analog,-19827648.0,2.14
2014/12/20 05:44:11,SLPR-RACHR1 (MVAR):Analog,-232852624.0,-2.23
2014/12/20 05:44:11,SLPR7:Voltage C:Magnitude,431572.69,-2.11
2014/12/20 05:44:11,640: Raichur-SLPR1(MVAR):Analog,-20055194.0,2.12
2014/12/20 05:44:11,SLPR-RACHR1 (MVAR):Analog,-232807744.0,-2.22
2014/12/20 05:44:11,SLPR7:Voltage C:Magnitude,431602.41,-2.08
2014/12/20 05:44:14,160: Raichur-SLPR1(MVAR):Analog,-21503256.0,2.02
2014/12/20 05:44:14,SLPR-RACHR1 (MVAR):Analog,-231823152.0,-2.14
2014/12/20 05:44:14,SLPR7:Voltage C:Magnitude,431559.53,-2.13
2014/12/20 05:44:14,240: SLPR-RACHR1 (MVAR):Analog,-231957360.0,-2.15
2014/12/20 05:44:14,SLPR7:Voltage C:Magnitude,431561.25,-2.13
2014/12/20 05:44:14,280: SLPR-RACHR1 (MVAR):Analog,-231947104.0,-2.15
2014/12/20 05:44:14,SLPR7:Voltage C:Magnitude,431563.56,-2.12
2014/12/20 05:44:14,320: Raichur-SLPR1(MVAR):Analog,-21520470.0,2.02
2014/12/20 05:44:14,SLPR-RACHR1 (MVAR):Analog,-231923248.0,-2.15
2014/12/20 05:44:14,SLPR7:Voltage C:Magnitude,431566.31,-2.12
2014/12/20 05:44:14,360: Raichur-SLPR1(MVAR):Analog,-21135054.0,2.05
2014/12/20 05:44:14,SLPR-RACHR1 (MVAR):Analog,-231984720.0,-2.16
2014/12/20 05:44:14,SLPR7:Voltage C:Magnitude,431561.38,-2.12
2014/12/20 05:44:14,400: Raichur-SLPR1(MVAR):Analog,-21040158.0,2.05
2014/12/20 05:44:14,SLPR-RACHR1 (MVAR):Analog,-232054224.0,-2.16
2014/12/20 05:44:14,SLPR7:Voltage C:Magnitude,431550.59,-2.14
2014/12/20 05:44:14,440: Raichur-SLPR1(MVAR):Analog,-21089868.0,2.05
2014/12/20 05:44:14,SLPR-RACHR1 (MVAR):Analog,-232090368.0,-2.17
2014/12/20 05:44:14,SLPR7:Voltage C:Magnitude,431547.28,-2.14
2014/12/20 05:44:14,480: Raichur-SLPR1(MVAR):Analog,-21065394.0,2.05
2014/12/20 05:44:14,SLPR-RACHR1 (MVAR):Analog,-232056080.0,-2.16
2014/12/20 05:44:14,SLPR7:Voltage C:Magnitude,431560.0,-2.13
2014/12/20 05:44:14,560: Raichur-SLPR1(MVAR):Analog,-20808168.0,2.07
2014/12/20 05:44:14,SLPR-RACHR1 (MVAR):Analog,-231988784.0,-2.16
2014/12/20 05:44:14,SLPR7:Voltage C:Magnitude,431596.03,-2.09
2014/12/20 05:44:14,600: Raichur-SLPR1(MVAR):Analog,-20822880.0,2.07
2014/12/20 05:44:14,SLPR-RACHR1 (MVAR):Analog,-232017472.0,-2.16
2014/12/20 05:44:14,SLPR7:Voltage C:Magnitude,431583.38,-2.1
2014/12/20 05:44:14,640: Raichur-SLPR1(MVAR):Analog,-20991306.0,2.06
2014/12/20 05:44:14,SLPR-RACHR1 (MVAR):Analog,-232050512.0,-2.16
2014/12/20 05:44:14,SLPR7:Voltage C:Magnitude,431585.28,-2.1
